WeatherHeader.City,String,Mobile Downtown AP
WeatherHeader.State,String,AL
WeatherHeader.Country,String,USA
WeatherHeader.DataSource,String,TMY3
WeatherHeader.Station,String,722235
WeatherHeader.Latitude,Float,30.633
WeatherHeader.Longitude,Float,-88.067
WeatherHeader.Timezone,Float,-6.0
WeatherHeader.Altitude,Float,26.246719160104984
WeatherHeader.LocalPressure,Float,0.99903458704614
WeatherHeader.RecordsPerHour,Integer,1
WeatherData.AnnualAvgDrybulb,Float,66.82599315068492
WeatherData.AnnualMinDrybulb,Float,19.4
WeatherData.AnnualMaxDrybulb,Float,97.88000000000001
WeatherData.CDD50F,Float,6342.9974999999995
WeatherData.CDD65F,Float,2337.5400000000004
WeatherData.HDD50F,Float,201.51000000000002
WeatherData.HDD65F,Float,1671.0524999999998
WeatherData.AnnualAvgWindspeed,Float,3.4552968036529683
WeatherData.MonthlyAvgDrybulbs,Array,54.11024193548387,54.565089285714286,56.4275,65.64150000000001,76.01217741935484,77.764,80.31838709677419,81.90838709677419,77.06925,67.41016129032258,58.9925,50.898548387096774
WeatherData.GroundMonthlyTemps,Array,61.33523551230547,58.96352736790999,58.773592474255395,59.89908917452027,64.41733125001934,68.91452543719157,72.81335244830456,75.28316347014862,75.49298748216194,73.48421133446863,69.68480670119783,65.32556811429419
WeatherData.WSF,Float,0.42
WeatherData.MonthlyAvgDailyHighDrybulbs,Array,63.064516129032256,62.150000000000006,64.70774193548387,74.96000000000001,85.0825806451613,86.28800000000001,88.46193548387097,90.24451612903226,85.56200000000001,79.03225806451613,71.684,60.50967741935484
WeatherData.MonthlyAvgDailyLowDrybulbs,Array,44.64645161290323,47.19714285714286,47.89225806451613,54.728,65.90387096774194,69.08000000000001,73.73677419354838,74.8283870967742,68.99600000000001,57.08387096774194,47.714,40.4483870967742
WeatherDesign.HeatingDrybulb,Float,32.54
WeatherDesign.HeatingWindspeed,Float,9.3
WeatherDesign.CoolingDrybulb,Float,91.4
WeatherDesign.CoolingWetbulb,Float,77.53999999999999
WeatherDesign.CoolingHumidityRatio,Float,0.01708800905559604
WeatherDesign.CoolingWindspeed,Float,3.3
WeatherDesign.DailyTemperatureRange,Float,15.3
WeatherDesign.DehumidDrybulb,Float,83.66
WeatherDesign.DehumidHumidityRatio,Float,0.020227292056765205
WeatherDesign.CoolingDirectNormal,Float,920.0
WeatherDesign.CoolingDiffuseHorizontal,Float,109.0
