<?xml version="1.0"?>
<measure>
  <schema_version>3.0</schema_version>
  <name>report_utility_bills</name>
  <uid>ca88a425-e59a-4bc4-af51-c7e7d1e960fe</uid>
  <version_id>78d470ac-400d-42ae-9884-7da757f02c3c</version_id>
  <version_modified>20220714T173453Z</version_modified>
  <xml_checksum>15BF4E57</xml_checksum>
  <class_name>ReportUtilityBills</class_name>
  <display_name>Utility Bills Report</display_name>
  <description>Calculates and reports utility bills for residential HPXML-based models.</description>
  <modeler_description>Calculate electric/gas utility bills based on monthly fixed charges and marginal rates. Calculate other utility bills based on marginal rates for oil, propane, wood cord, wood pellets, and coal. User can specify PV compensation types of 'Net-Metering' or 'Feed-In Tariff', along with corresponding rates and connection fees.</modeler_description>
  <arguments>
    <argument>
      <name>output_format</name>
      <display_name>Output Format</display_name>
      <description>The file format of the annual (and timeseries, if requested) outputs.</description>
      <type>Choice</type>
      <required>false</required>
      <model_dependent>false</model_dependent>
      <default_value>csv</default_value>
      <choices>
        <choice>
          <value>csv</value>
          <display_name>csv</display_name>
        </choice>
        <choice>
          <value>json</value>
          <display_name>json</display_name>
        </choice>
        <choice>
          <value>msgpack</value>
          <display_name>msgpack</display_name>
        </choice>
      </choices>
    </argument>
  </arguments>
  <outputs />
  <provenances />
  <tags>
    <tag>Reporting.QAQC</tag>
  </tags>
  <attributes>
    <attribute>
      <name>Measure Type</name>
      <value>ReportingMeasure</value>
      <datatype>string</datatype>
    </attribute>
  </attributes>
  <files>
    <file>
      <filename>PV_10kW.csv</filename>
      <filetype>csv</filetype>
      <usage_type>test</usage_type>
      <checksum>3CDAD519</checksum>
    </file>
    <file>
      <filename>PV_1kW.csv</filename>
      <filetype>csv</filetype>
      <usage_type>test</usage_type>
      <checksum>29157297</checksum>
    </file>
    <file>
      <filename>PV_None.csv</filename>
      <filetype>csv</filetype>
      <usage_type>test</usage_type>
      <checksum>D77D8299</checksum>
    </file>
    <file>
      <filename>Data/UtilityRates/Average_retail_price_of_electricity.csv</filename>
      <filetype>csv</filetype>
      <usage_type>resource</usage_type>
      <checksum>37E30685</checksum>
    </file>
    <file>
      <filename>Data/UtilityRates/NG_PRI_SUM_A_EPG0_PRS_DMCF_A.csv</filename>
      <filetype>csv</filetype>
      <usage_type>resource</usage_type>
      <checksum>2CE8192C</checksum>
    </file>
    <file>
      <filename>Data/UtilityRates/PET_PRI_WFR_A_EPD2F_PRS_DPGAL_W.csv</filename>
      <filetype>csv</filetype>
      <usage_type>resource</usage_type>
      <checksum>6FEB427A</checksum>
    </file>
    <file>
      <filename>Data/UtilityRates/PET_PRI_WFR_A_EPLLPA_PRS_DPGAL_W.csv</filename>
      <filetype>csv</filetype>
      <usage_type>resource</usage_type>
      <checksum>22112EBB</checksum>
    </file>
    <file>
      <filename>Data/UtilityRates/README.md</filename>
      <filetype>md</filetype>
      <usage_type>resource</usage_type>
      <checksum>D9D25D07</checksum>
    </file>
    <file>
      <filename>Data/UtilityRates/HouseholdConsumption.csv</filename>
      <filetype>csv</filetype>
      <usage_type>resource</usage_type>
      <checksum>0BEECB93</checksum>
    </file>
    <file>
      <filename>util.rb</filename>
      <filetype>rb</filetype>
      <usage_type>resource</usage_type>
      <checksum>EE9F4205</checksum>
    </file>
    <file>
      <version>
        <software_program>OpenStudio</software_program>
        <identifier>3.3.0</identifier>
        <min_compatible>3.3.0</min_compatible>
      </version>
      <filename>measure.rb</filename>
      <filetype>rb</filetype>
      <usage_type>script</usage_type>
      <checksum>151F9601</checksum>
    </file>
    <file>
      <filename>utility_bills_test.rb</filename>
      <filetype>rb</filetype>
      <usage_type>test</usage_type>
      <checksum>A95488EA</checksum>
    </file>
  </files>
</measure>
