<?xml version='1.0' encoding='UTF-8'?>
<HPXML xmlns='http://hpxmlonline.com/2019/10' xmlns:xsi='http://www.w3.org/2001/XMLSchema-instance' xsi:schemaLocation='http://hpxmlonline.com/2019/10' schemaVersion='4.0'>
  <XMLTransactionHeaderInformation>
    <XMLType>HPXML</XMLType>
    <XMLGeneratedBy>BuildResidentialHPXML</XMLGeneratedBy>
    <CreatedDateAndTime>2022-09-01T19:44:04-06:00</CreatedDateAndTime>
    <Transaction>create</Transaction>
  </XMLTransactionHeaderInformation>
  <SoftwareInfo>
    <SoftwareProgramUsed>ResStock</SoftwareProgramUsed>
    <SoftwareProgramVersion>2.6.0-beta</SoftwareProgramVersion>
    <extension>
      <OccupancyCalculationType>operational</OccupancyCalculationType>
      <SimulationControl>
        <Timestep>15</Timestep>
        <BeginMonth>1</BeginMonth>
        <BeginDayOfMonth>1</BeginDayOfMonth>
        <EndMonth>12</EndMonth>
        <EndDayOfMonth>31</EndDayOfMonth>
        <CalendarYear>2018</CalendarYear>
        <DaylightSaving>
          <Enabled>true</Enabled>
          <BeginMonth>3</BeginMonth>
          <BeginDayOfMonth>11</BeginDayOfMonth>
          <EndMonth>11</EndMonth>
          <EndDayOfMonth>4</EndDayOfMonth>
        </DaylightSaving>
      </SimulationControl>
      <HVACSizingControl>
        <AllowIncreasedFixedCapacities>false</AllowIncreasedFixedCapacities>
      </HVACSizingControl>
      <SchedulesFilePath>/Users/camilotoruno/Documents/local_research_data/Buildings_Dallas_downsample/Dallas/bldg0351519-up00/schedules.csv</SchedulesFilePath>
      <AdditionalProperties>
        <ceiling_insulation_r>0</ceiling_insulation_r>
      </AdditionalProperties>
    </extension>
  </SoftwareInfo>
  <Building>
    <BuildingID id='MyBuilding'/>
    <Site>
      <SiteID id='SiteID'/>
      <Address>
        <StateCode>TX</StateCode>
        <ZipCode>75035</ZipCode>
      </Address>
      <TimeZone>
        <UTCOffset>-6.0</UTCOffset>
      </TimeZone>
    </Site>
    <ProjectStatus>
      <EventType>proposed workscope</EventType>
    </ProjectStatus>
    <BuildingDetails>
      <BuildingSummary>
        <Site>
          <SiteType>suburban</SiteType>
          <Surroundings>attached on two sides</Surroundings>
          <VerticalSurroundings>unit below</VerticalSurroundings>
          <ShieldingofHome>normal</ShieldingofHome>
          <AzimuthOfFrontOfHome>270</AzimuthOfFrontOfHome>
          <extension>
            <Neighbors>
              <NeighborBuilding>
                <Orientation>north</Orientation>
                <Azimuth>0</Azimuth>
                <Distance>12.0</Distance>
              </NeighborBuilding>
              <NeighborBuilding>
                <Orientation>south</Orientation>
                <Azimuth>180</Azimuth>
                <Distance>12.0</Distance>
              </NeighborBuilding>
            </Neighbors>
          </extension>
        </Site>
        <BuildingOccupancy>
          <NumberofResidents>3.0</NumberofResidents>
        </BuildingOccupancy>
        <BuildingConstruction>
          <YearBuilt>1970</YearBuilt>
          <ResidentialFacilityType>apartment unit</ResidentialFacilityType>
          <NumberofConditionedFloors>1.0</NumberofConditionedFloors>
          <NumberofConditionedFloorsAboveGrade>1.0</NumberofConditionedFloorsAboveGrade>
          <AverageCeilingHeight>8.0</AverageCeilingHeight>
          <NumberofBedrooms>2</NumberofBedrooms>
          <NumberofBathrooms>1</NumberofBathrooms>
          <ConditionedFloorArea>1138.0</ConditionedFloorArea>
          <ConditionedBuildingVolume>9104.0</ConditionedBuildingVolume>
          <extension>
            <HasFlueOrChimney>false</HasFlueOrChimney>
          </extension>
        </BuildingConstruction>
      </BuildingSummary>
      <ClimateandRiskZones>
        <ClimateZoneIECC>
          <Year>2006</Year>
          <ClimateZone>3A</ClimateZone>
        </ClimateZoneIECC>
        <WeatherStation>
          <SystemIdentifier id='WeatherStation'/>
          <Name>G4800850</Name>
          <extension>
            <EPWFilePath>/Volumes/seas-mtcraig/EPWFromTGW/TGWEPWs/historical_1980-2020/Dallas/Dallas_1991_historical_1980-2020.epw</EPWFilePath>
          </extension>
        </WeatherStation>
      </ClimateandRiskZones>
      <Enclosure>
        <AirInfiltration>
          <AirInfiltrationMeasurement>
            <SystemIdentifier id='AirInfiltrationMeasurement1'/>
            <HousePressure>50.0</HousePressure>
            <BuildingAirLeakage>
              <UnitofMeasure>ACH</UnitofMeasure>
              <AirLeakage>8.0</AirLeakage>
            </BuildingAirLeakage>
            <InfiltrationVolume>9104.0</InfiltrationVolume>
            <InfiltrationHeight>8.0</InfiltrationHeight>
          </AirInfiltrationMeasurement>
        </AirInfiltration>
        <Attics>
          <Attic>
            <SystemIdentifier id='Attic1'/>
            <AtticType>
              <FlatRoof/>
            </AtticType>
            <AttachedToRoof idref='Roof1'/>
          </Attic>
        </Attics>
        <Foundations>
          <Foundation>
            <SystemIdentifier id='Foundation1'/>
            <FoundationType>
              <AboveApartment/>
            </FoundationType>
          </Foundation>
        </Foundations>
        <Roofs>
          <Roof>
            <SystemIdentifier id='Roof1'/>
            <InteriorAdjacentTo>living space</InteriorAdjacentTo>
            <Area>1138.0</Area>
            <RoofType>asphalt or fiberglass shingles</RoofType>
            <RoofColor>medium</RoofColor>
            <SolarAbsorptance>0.85</SolarAbsorptance>
            <Emittance>0.9</Emittance>
            <InteriorFinish>
              <Type>gypsum board</Type>
              <Thickness>0.5</Thickness>
            </InteriorFinish>
            <Pitch>0.0</Pitch>
            <RadiantBarrier>false</RadiantBarrier>
            <Insulation>
              <SystemIdentifier id='Roof1Insulation'/>
              <AssemblyEffectiveRValue>10.2</AssemblyEffectiveRValue>
            </Insulation>
          </Roof>
        </Roofs>
        <Walls>
          <Wall>
            <SystemIdentifier id='Wall1'/>
            <ExteriorAdjacentTo>outside</ExteriorAdjacentTo>
            <InteriorAdjacentTo>living space</InteriorAdjacentTo>
            <WallType>
              <StructuralBrick/>
            </WallType>
            <Area>201.2</Area>
            <Orientation>east</Orientation>
            <Azimuth>90</Azimuth>
            <Siding>none</Siding>
            <Color>medium</Color>
            <SolarAbsorptance>0.7</SolarAbsorptance>
            <Emittance>0.9</Emittance>
            <InteriorFinish>
              <Type>gypsum board</Type>
              <Thickness>0.5</Thickness>
            </InteriorFinish>
            <Insulation>
              <SystemIdentifier id='Wall1Insulation'/>
              <AssemblyEffectiveRValue>4.9</AssemblyEffectiveRValue>
            </Insulation>
          </Wall>
          <Wall>
            <SystemIdentifier id='Wall2'/>
            <ExteriorAdjacentTo>outside</ExteriorAdjacentTo>
            <InteriorAdjacentTo>living space</InteriorAdjacentTo>
            <WallType>
              <StructuralBrick/>
            </WallType>
            <Area>362.1</Area>
            <Orientation>south</Orientation>
            <Azimuth>180</Azimuth>
            <Siding>none</Siding>
            <Color>medium</Color>
            <SolarAbsorptance>0.7</SolarAbsorptance>
            <Emittance>0.9</Emittance>
            <InteriorFinish>
              <Type>gypsum board</Type>
              <Thickness>0.5</Thickness>
            </InteriorFinish>
            <Insulation>
              <SystemIdentifier id='Wall2Insulation'/>
              <AssemblyEffectiveRValue>4.9</AssemblyEffectiveRValue>
            </Insulation>
          </Wall>
          <Wall>
            <SystemIdentifier id='Wall3'/>
            <ExteriorAdjacentTo>other housing unit</ExteriorAdjacentTo>
            <InteriorAdjacentTo>living space</InteriorAdjacentTo>
            <WallType>
              <StructuralBrick/>
            </WallType>
            <Area>201.2</Area>
            <Orientation>west</Orientation>
            <Azimuth>270</Azimuth>
            <Color>medium</Color>
            <InteriorFinish>
              <Type>gypsum board</Type>
              <Thickness>0.5</Thickness>
            </InteriorFinish>
            <Insulation>
              <SystemIdentifier id='Wall3Insulation'/>
              <AssemblyEffectiveRValue>4.0</AssemblyEffectiveRValue>
            </Insulation>
          </Wall>
          <Wall>
            <SystemIdentifier id='Wall4'/>
            <ExteriorAdjacentTo>other housing unit</ExteriorAdjacentTo>
            <InteriorAdjacentTo>living space</InteriorAdjacentTo>
            <WallType>
              <StructuralBrick/>
            </WallType>
            <Area>362.1</Area>
            <Orientation>north</Orientation>
            <Azimuth>0</Azimuth>
            <Color>medium</Color>
            <InteriorFinish>
              <Type>gypsum board</Type>
              <Thickness>0.5</Thickness>
            </InteriorFinish>
            <Insulation>
              <SystemIdentifier id='Wall4Insulation'/>
              <AssemblyEffectiveRValue>4.0</AssemblyEffectiveRValue>
            </Insulation>
          </Wall>
        </Walls>
        <Floors>
          <Floor>
            <SystemIdentifier id='Floor1'/>
            <ExteriorAdjacentTo>other housing unit</ExteriorAdjacentTo>
            <InteriorAdjacentTo>living space</InteriorAdjacentTo>
            <Area>1138.0</Area>
            <InteriorFinish>
              <Type>none</Type>
            </InteriorFinish>
            <Insulation>
              <SystemIdentifier id='Floor1Insulation'/>
              <AssemblyEffectiveRValue>2.1</AssemblyEffectiveRValue>
            </Insulation>
            <extension>
              <OtherSpaceAboveOrBelow>below</OtherSpaceAboveOrBelow>
            </extension>
          </Floor>
        </Floors>
        <Windows>
          <Window>
            <SystemIdentifier id='Window1'/>
            <Area>30.2</Area>
            <Azimuth>90</Azimuth>
            <Orientation>east</Orientation>
            <UFactor>1.16</UFactor>
            <SHGC>0.76</SHGC>
            <ExteriorShading>
              <SystemIdentifier id='Window1ExteriorShading'/>
              <SummerShadingCoefficient>1.0</SummerShadingCoefficient>
              <WinterShadingCoefficient>1.0</WinterShadingCoefficient>
            </ExteriorShading>
            <InteriorShading>
              <SystemIdentifier id='Window1InteriorShading'/>
              <SummerShadingCoefficient>0.7</SummerShadingCoefficient>
              <WinterShadingCoefficient>0.85</WinterShadingCoefficient>
            </InteriorShading>
            <Overhangs>
              <Depth>2.0</Depth>
              <DistanceToTopOfWindow>1.770833333333334</DistanceToTopOfWindow>
              <DistanceToBottomOfWindow>5.4</DistanceToBottomOfWindow>
            </Overhangs>
            <FractionOperable>0.67</FractionOperable>
            <AttachedToWall idref='Wall1'/>
          </Window>
          <Window>
            <SystemIdentifier id='Window4'/>
            <Area>54.3</Area>
            <Azimuth>180</Azimuth>
            <Orientation>south</Orientation>
            <UFactor>1.16</UFactor>
            <SHGC>0.76</SHGC>
            <ExteriorShading>
              <SystemIdentifier id='Window4ExteriorShading'/>
              <SummerShadingCoefficient>1.0</SummerShadingCoefficient>
              <WinterShadingCoefficient>1.0</WinterShadingCoefficient>
            </ExteriorShading>
            <InteriorShading>
              <SystemIdentifier id='Window4InteriorShading'/>
              <SummerShadingCoefficient>0.7</SummerShadingCoefficient>
              <WinterShadingCoefficient>0.85</WinterShadingCoefficient>
            </InteriorShading>
            <Overhangs>
              <Depth>2.0</Depth>
              <DistanceToTopOfWindow>1.770833333333334</DistanceToTopOfWindow>
              <DistanceToBottomOfWindow>5.6</DistanceToBottomOfWindow>
            </Overhangs>
            <FractionOperable>0.67</FractionOperable>
            <AttachedToWall idref='Wall2'/>
          </Window>
        </Windows>
        <extension>
          <PartitionWallMass>
            <AreaFraction>1.0</AreaFraction>
            <InteriorFinish>
              <Type>gypsum board</Type>
              <Thickness>0.5</Thickness>
            </InteriorFinish>
          </PartitionWallMass>
          <FurnitureMass>
            <AreaFraction>0.4</AreaFraction>
            <Type>light-weight</Type>
          </FurnitureMass>
        </extension>
      </Enclosure>
      <Systems>
        <HVAC>
          <HVACPlant>
            <PrimarySystems>
              <PrimaryHeatingSystem idref='HeatingSystem1'/>
              <PrimaryCoolingSystem idref='CoolingSystem1'/>
            </PrimarySystems>
            <HeatingSystem>
              <SystemIdentifier id='HeatingSystem1'/>
              <DistributionSystem idref='HVACDistribution1'/>
              <HeatingSystemType>
                <Furnace/>
              </HeatingSystemType>
              <HeatingSystemFuel>electricity</HeatingSystemFuel>
              <HeatingCapacity>23497.0</HeatingCapacity>
              <AnnualHeatingEfficiency>
                <Units>AFUE</Units>
                <Value>1.0</Value>
              </AnnualHeatingEfficiency>
              <FractionHeatLoadServed>1.0</FractionHeatLoadServed>
              <extension>
                <FanPowerWattsPerCFM>0.375</FanPowerWattsPerCFM>
                <AirflowDefectRatio>0.0</AirflowDefectRatio>
                <HeatingAirflowCFM dataSource='software'>435.0</HeatingAirflowCFM>
              </extension>
            </HeatingSystem>
            <CoolingSystem>
              <SystemIdentifier id='CoolingSystem1'/>
              <DistributionSystem idref='HVACDistribution1'/>
              <CoolingSystemType>central air conditioner</CoolingSystemType>
              <CoolingSystemFuel>electricity</CoolingSystemFuel>
              <CoolingCapacity>26620.0</CoolingCapacity>
              <CompressorType>single stage</CompressorType>
              <FractionCoolLoadServed>1.0</FractionCoolLoadServed>
              <AnnualCoolingEfficiency>
                <Units>SEER</Units>
                <Value>13.0</Value>
              </AnnualCoolingEfficiency>
              <SensibleHeatFraction>0.73</SensibleHeatFraction>
              <extension>
                <AirflowDefectRatio>0.0</AirflowDefectRatio>
                <ChargeDefectRatio>0.0</ChargeDefectRatio>
                <FanPowerWattsPerCFM>0.375</FanPowerWattsPerCFM>
                <CoolingAirflowCFM dataSource='software'>1107.0</CoolingAirflowCFM>
              </extension>
            </CoolingSystem>
            <extension>
              <DesignLoads dataSource='software'>
                <Heating>
                  <Total>23946.0</Total>
                  <Ducts>6431.0</Ducts>
                  <Windows>4325.0</Windows>
                  <Skylights>0.0</Skylights>
                  <Doors>0.0</Doors>
                  <Walls>4311.0</Walls>
                  <Roofs>4922.0</Roofs>
                  <Floors>0.0</Floors>
                  <Slabs>0.0</Slabs>
                  <Ceilings>0.0</Ceilings>
                  <InfilVent>3957.0</InfilVent>
                </Heating>
                <CoolingSensible>
                  <Total>21268.0</Total>
                  <Ducts>6861.0</Ducts>
                  <Windows>4172.0</Windows>
                  <Skylights>0.0</Skylights>
                  <Doors>0.0</Doors>
                  <Walls>2118.0</Walls>
                  <Roofs>4549.0</Roofs>
                  <Floors>0.0</Floors>
                  <Slabs>0.0</Slabs>
                  <Ceilings>0.0</Ceilings>
                  <InfilVent>1277.0</InfilVent>
                  <InternalGains>2290.0</InternalGains>
                </CoolingSensible>
                <CoolingLatent>
                  <Total>2766.0</Total>
                  <Ducts>1511.0</Ducts>
                  <InfilVent>655.0</InfilVent>
                  <InternalGains>600.0</InternalGains>
                </CoolingLatent>
              </DesignLoads>
            </extension>
          </HVACPlant>
          <HVACControl>
            <SystemIdentifier id='HVACControl1'/>
            <HeatingSeason>
              <BeginMonth>1</BeginMonth>
              <BeginDayOfMonth>1</BeginDayOfMonth>
              <EndMonth>12</EndMonth>
              <EndDayOfMonth>31</EndDayOfMonth>
            </HeatingSeason>
            <CoolingSeason>
              <BeginMonth>1</BeginMonth>
              <BeginDayOfMonth>1</BeginDayOfMonth>
              <EndMonth>12</EndMonth>
              <EndDayOfMonth>31</EndDayOfMonth>
            </CoolingSeason>
            <extension>
              <CeilingFanSetpointTempCoolingSeasonOffset>0.0</CeilingFanSetpointTempCoolingSeasonOffset>
              <WeekdaySetpointTempsHeatingSeason>56.0, 56.0, 56.0, 56.0, 56.0, 56.0, 56.0, 62.0, 62.0, 62.0, 62.0, 62.0, 62.0, 62.0, 62.0, 62.0, 62.0, 62.0, 62.0, 62.0, 62.0, 62.0, 56.0, 56.0</WeekdaySetpointTempsHeatingSeason>
              <WeekendSetpointTempsHeatingSeason>56.0, 56.0, 56.0, 56.0, 56.0, 56.0, 56.0, 62.0, 62.0, 62.0, 62.0, 62.0, 62.0, 62.0, 62.0, 62.0, 62.0, 62.0, 62.0, 62.0, 62.0, 62.0, 56.0, 56.0</WeekendSetpointTempsHeatingSeason>
              <WeekdaySetpointTempsCoolingSeason>70.0, 70.0, 70.0, 70.0, 70.0, 75.0, 75.0, 75.0, 75.0, 75.0, 75.0, 75.0, 75.0, 70.0, 70.0, 70.0, 70.0, 70.0, 70.0, 70.0, 70.0, 70.0, 70.0, 70.0</WeekdaySetpointTempsCoolingSeason>
              <WeekendSetpointTempsCoolingSeason>70.0, 70.0, 70.0, 70.0, 70.0, 70.0, 70.0, 70.0, 70.0, 70.0, 70.0, 70.0, 70.0, 70.0, 70.0, 70.0, 70.0, 70.0, 70.0, 70.0, 70.0, 70.0, 70.0, 70.0</WeekendSetpointTempsCoolingSeason>
            </extension>
          </HVACControl>
          <HVACDistribution>
            <SystemIdentifier id='HVACDistribution1'/>
            <DistributionSystemType>
              <AirDistribution>
                <AirDistributionType>regular velocity</AirDistributionType>
                <DuctLeakageMeasurement>
                  <DuctType>supply</DuctType>
                  <DuctLeakage>
                    <Units>Percent</Units>
                    <Value>0.2</Value>
                    <TotalOrToOutside>to outside</TotalOrToOutside>
                  </DuctLeakage>
                </DuctLeakageMeasurement>
                <DuctLeakageMeasurement>
                  <DuctType>return</DuctType>
                  <DuctLeakage>
                    <Units>Percent</Units>
                    <Value>0.1</Value>
                    <TotalOrToOutside>to outside</TotalOrToOutside>
                  </DuctLeakage>
                </DuctLeakageMeasurement>
                <Ducts>
                  <DuctType>supply</DuctType>
                  <DuctInsulationRValue>0.0</DuctInsulationRValue>
                  <DuctLocation>living space</DuctLocation>
                  <FractionDuctArea>1.0</FractionDuctArea>
                  <DuctSurfaceArea>307.26000000000005</DuctSurfaceArea>
                </Ducts>
                <Ducts>
                  <DuctType>return</DuctType>
                  <DuctInsulationRValue>0.0</DuctInsulationRValue>
                  <DuctLocation>living space</DuctLocation>
                  <FractionDuctArea>1.0</FractionDuctArea>
                  <DuctSurfaceArea>56.900000000000006</DuctSurfaceArea>
                </Ducts>
                <NumberofReturnRegisters>1</NumberofReturnRegisters>
              </AirDistribution>
            </DistributionSystemType>
            <ConditionedFloorAreaServed>1138.0</ConditionedFloorAreaServed>
          </HVACDistribution>
        </HVAC>
        <MechanicalVentilation>
          <VentilationFans>
            <VentilationFan>
              <SystemIdentifier id='VentilationFan1'/>
              <Quantity>1</Quantity>
              <RatedFlowRate>100.0</RatedFlowRate>
              <HoursInOperation>1.0</HoursInOperation>
              <FanLocation>kitchen</FanLocation>
              <UsedForLocalVentilation>true</UsedForLocalVentilation>
              <FanPower>30.0</FanPower>
              <extension>
                <StartHour>17</StartHour>
              </extension>
            </VentilationFan>
            <VentilationFan>
              <SystemIdentifier id='VentilationFan2'/>
              <Quantity>1</Quantity>
              <RatedFlowRate>50.0</RatedFlowRate>
              <HoursInOperation>1.0</HoursInOperation>
              <FanLocation>bath</FanLocation>
              <UsedForLocalVentilation>true</UsedForLocalVentilation>
              <FanPower>15.0</FanPower>
              <extension>
                <StartHour>20</StartHour>
              </extension>
            </VentilationFan>
          </VentilationFans>
        </MechanicalVentilation>
        <WaterHeating>
          <WaterHeatingSystem>
            <SystemIdentifier id='WaterHeatingSystem1'/>
            <FuelType>electricity</FuelType>
            <WaterHeaterType>storage water heater</WaterHeaterType>
            <Location>living space</Location>
            <IsSharedSystem>false</IsSharedSystem>
            <TankVolume>30.0</TankVolume>
            <FractionDHWLoadServed>1.0</FractionDHWLoadServed>
            <HeatingCapacity>11942.0</HeatingCapacity>
            <EnergyFactor>0.92</EnergyFactor>
            <RecoveryEfficiency>0.98</RecoveryEfficiency>
            <HotWaterTemperature>125.0</HotWaterTemperature>
            <extension>
              <TankModelType>mixed</TankModelType>
            </extension>
          </WaterHeatingSystem>
          <HotWaterDistribution>
            <SystemIdentifier id='HotWaterDistribution1'/>
            <SystemType>
              <Standard>
                <PipingLength>77.468511173732</PipingLength>
              </Standard>
            </SystemType>
            <PipeInsulation>
              <PipeRValue>0.0</PipeRValue>
            </PipeInsulation>
          </HotWaterDistribution>
          <WaterFixture>
            <SystemIdentifier id='WaterFixture1'/>
            <WaterFixtureType>shower head</WaterFixtureType>
            <LowFlow>false</LowFlow>
          </WaterFixture>
          <WaterFixture>
            <SystemIdentifier id='WaterFixture2'/>
            <WaterFixtureType>faucet</WaterFixtureType>
            <LowFlow>false</LowFlow>
          </WaterFixture>
          <extension>
            <WaterFixturesUsageMultiplier>2.0</WaterFixturesUsageMultiplier>
          </extension>
        </WaterHeating>
      </Systems>
      <Appliances>
        <ClothesWasher>
          <SystemIdentifier id='ClothesWasher1'/>
          <IsSharedAppliance>false</IsSharedAppliance>
          <Location>living space</Location>
          <IntegratedModifiedEnergyFactor>0.95</IntegratedModifiedEnergyFactor>
          <RatedAnnualkWh>387.0</RatedAnnualkWh>
          <LabelElectricRate>0.1065</LabelElectricRate>
          <LabelGasRate>1.218</LabelGasRate>
          <LabelAnnualGasCost>24.0</LabelAnnualGasCost>
          <LabelUsage>7.538462</LabelUsage>
          <Capacity>3.5</Capacity>
          <extension>
            <UsageMultiplier>1.2</UsageMultiplier>
          </extension>
        </ClothesWasher>
        <ClothesDryer>
          <SystemIdentifier id='ClothesDryer1'/>
          <IsSharedAppliance>false</IsSharedAppliance>
          <Location>living space</Location>
          <FuelType>natural gas</FuelType>
          <CombinedEnergyFactor>2.39</CombinedEnergyFactor>
          <Vented>true</Vented>
          <VentedFlowRate>100.0</VentedFlowRate>
          <extension>
            <UsageMultiplier>1.2</UsageMultiplier>
          </extension>
        </ClothesDryer>
        <Refrigerator>
          <SystemIdentifier id='Refrigerator1'/>
          <Location>living space</Location>
          <RatedAnnualkWh>480.0</RatedAnnualkWh>
          <PrimaryIndicator dataSource='software'>true</PrimaryIndicator>
          <extension>
            <UsageMultiplier>1.0</UsageMultiplier>
          </extension>
        </Refrigerator>
        <CookingRange>
          <SystemIdentifier id='CookingRange1'/>
          <Location>living space</Location>
          <FuelType>electricity</FuelType>
          <IsInduction>false</IsInduction>
          <extension>
            <UsageMultiplier>1.2</UsageMultiplier>
          </extension>
        </CookingRange>
        <Oven>
          <SystemIdentifier id='Oven1'/>
          <IsConvection>false</IsConvection>
        </Oven>
      </Appliances>
      <Lighting>
        <LightingGroup>
          <SystemIdentifier id='LightingGroup1'/>
          <Location>interior</Location>
          <FractionofUnitsInLocation>0.0</FractionofUnitsInLocation>
          <LightingType>
            <CompactFluorescent/>
          </LightingType>
        </LightingGroup>
        <LightingGroup>
          <SystemIdentifier id='LightingGroup2'/>
          <Location>exterior</Location>
          <FractionofUnitsInLocation>0.0</FractionofUnitsInLocation>
          <LightingType>
            <CompactFluorescent/>
          </LightingType>
        </LightingGroup>
        <LightingGroup>
          <SystemIdentifier id='LightingGroup3'/>
          <Location>garage</Location>
          <FractionofUnitsInLocation>0.0</FractionofUnitsInLocation>
          <LightingType>
            <CompactFluorescent/>
          </LightingType>
        </LightingGroup>
        <LightingGroup>
          <SystemIdentifier id='LightingGroup4'/>
          <Location>interior</Location>
          <FractionofUnitsInLocation>0.0</FractionofUnitsInLocation>
          <LightingType>
            <FluorescentTube/>
          </LightingType>
        </LightingGroup>
        <LightingGroup>
          <SystemIdentifier id='LightingGroup5'/>
          <Location>exterior</Location>
          <FractionofUnitsInLocation>0.0</FractionofUnitsInLocation>
          <LightingType>
            <FluorescentTube/>
          </LightingType>
        </LightingGroup>
        <LightingGroup>
          <SystemIdentifier id='LightingGroup6'/>
          <Location>garage</Location>
          <FractionofUnitsInLocation>0.0</FractionofUnitsInLocation>
          <LightingType>
            <FluorescentTube/>
          </LightingType>
        </LightingGroup>
        <LightingGroup>
          <SystemIdentifier id='LightingGroup7'/>
          <Location>interior</Location>
          <FractionofUnitsInLocation>1.0</FractionofUnitsInLocation>
          <LightingType>
            <LightEmittingDiode/>
          </LightingType>
        </LightingGroup>
        <LightingGroup>
          <SystemIdentifier id='LightingGroup8'/>
          <Location>exterior</Location>
          <FractionofUnitsInLocation>1.0</FractionofUnitsInLocation>
          <LightingType>
            <LightEmittingDiode/>
          </LightingType>
        </LightingGroup>
        <LightingGroup>
          <SystemIdentifier id='LightingGroup9'/>
          <Location>garage</Location>
          <FractionofUnitsInLocation>1.0</FractionofUnitsInLocation>
          <LightingType>
            <LightEmittingDiode/>
          </LightingType>
        </LightingGroup>
        <CeilingFan>
          <SystemIdentifier id='CeilingFan1'/>
          <Airflow>
            <FanSpeed>medium</FanSpeed>
            <Efficiency>70.4</Efficiency>
          </Airflow>
          <Quantity>1</Quantity>
        </CeilingFan>
        <extension>
          <InteriorUsageMultiplier>1.0</InteriorUsageMultiplier>
          <GarageUsageMultiplier>1.0</GarageUsageMultiplier>
          <ExteriorUsageMultiplier>1.0</ExteriorUsageMultiplier>
        </extension>
      </Lighting>
      <MiscLoads>
        <PlugLoad>
          <SystemIdentifier id='PlugLoad1'/>
          <PlugLoadType>other</PlugLoadType>
          <Load>
            <Units>kWh/year</Units>
            <Value>1859.9900000000002</Value>
          </Load>
          <extension>
            <FracSensible>0.93</FracSensible>
            <FracLatent>0.021</FracLatent>
            <UsageMultiplier>2.08</UsageMultiplier>
          </extension>
        </PlugLoad>
      </MiscLoads>
    </BuildingDetails>
  </Building>
</HPXML>