<?xml version="1.0"?>
<measure>
  <schema_version>3.0</schema_version>
  <name>qoi_report</name>
  <uid>be0bfc7f-25c6-435a-9acd-2f5fa8ac817d</uid>
  <version_id>f74b5199-72a0-4d3e-a3a9-49ac2640fb99</version_id>
  <version_modified>20220610T181704Z</version_modified>
  <xml_checksum>15BF4E57</xml_checksum>
  <class_name>QOIReport</class_name>
  <display_name>QOI Report</display_name>
  <description>Reports uncertainty quantification quantities of interest.</description>
  <modeler_description>TODO</modeler_description>
  <arguments />
  <outputs>
    <output>
      <name>peak_magnitude_use_kw</name>
      <display_name>peak_magnitude_use_kw</display_name>
      <short_name>peak_magnitude_use_kw</short_name>
      <type>Double</type>
      <model_dependent>false</model_dependent>
    </output>
    <output>
      <name>peak_magnitude_timing_hour</name>
      <display_name>peak_magnitude_timing_hour</display_name>
      <short_name>peak_magnitude_timing_hour</short_name>
      <type>Double</type>
      <model_dependent>false</model_dependent>
    </output>
    <output>
      <name>average_minimum_daily_use_heating_kw</name>
      <display_name>average_minimum_daily_use_heating_kw</display_name>
      <short_name>average_minimum_daily_use_heating_kw</short_name>
      <type>Double</type>
      <model_dependent>false</model_dependent>
    </output>
    <output>
      <name>average_minimum_daily_use_cooling_kw</name>
      <display_name>average_minimum_daily_use_cooling_kw</display_name>
      <short_name>average_minimum_daily_use_cooling_kw</short_name>
      <type>Double</type>
      <model_dependent>false</model_dependent>
    </output>
    <output>
      <name>average_minimum_daily_use_overlap_kw</name>
      <display_name>average_minimum_daily_use_overlap_kw</display_name>
      <short_name>average_minimum_daily_use_overlap_kw</short_name>
      <type>Double</type>
      <model_dependent>false</model_dependent>
    </output>
    <output>
      <name>average_maximum_daily_use_heating_kw</name>
      <display_name>average_maximum_daily_use_heating_kw</display_name>
      <short_name>average_maximum_daily_use_heating_kw</short_name>
      <type>Double</type>
      <model_dependent>false</model_dependent>
    </output>
    <output>
      <name>average_maximum_daily_use_cooling_kw</name>
      <display_name>average_maximum_daily_use_cooling_kw</display_name>
      <short_name>average_maximum_daily_use_cooling_kw</short_name>
      <type>Double</type>
      <model_dependent>false</model_dependent>
    </output>
    <output>
      <name>average_maximum_daily_use_overlap_kw</name>
      <display_name>average_maximum_daily_use_overlap_kw</display_name>
      <short_name>average_maximum_daily_use_overlap_kw</short_name>
      <type>Double</type>
      <model_dependent>false</model_dependent>
    </output>
    <output>
      <name>average_maximum_daily_timing_heating_hour</name>
      <display_name>average_maximum_daily_timing_heating_hour</display_name>
      <short_name>average_maximum_daily_timing_heating_hour</short_name>
      <type>Double</type>
      <model_dependent>false</model_dependent>
    </output>
    <output>
      <name>average_maximum_daily_timing_cooling_hour</name>
      <display_name>average_maximum_daily_timing_cooling_hour</display_name>
      <short_name>average_maximum_daily_timing_cooling_hour</short_name>
      <type>Double</type>
      <model_dependent>false</model_dependent>
    </output>
    <output>
      <name>average_maximum_daily_timing_overlap_hour</name>
      <display_name>average_maximum_daily_timing_overlap_hour</display_name>
      <short_name>average_maximum_daily_timing_overlap_hour</short_name>
      <type>Double</type>
      <model_dependent>false</model_dependent>
    </output>
    <output>
      <name>average_of_top_ten_highest_peaks_use_heating_kw</name>
      <display_name>average_of_top_ten_highest_peaks_use_heating_kw</display_name>
      <short_name>average_of_top_ten_highest_peaks_use_heating_kw</short_name>
      <type>Double</type>
      <model_dependent>false</model_dependent>
    </output>
    <output>
      <name>average_of_top_ten_highest_peaks_use_cooling_kw</name>
      <display_name>average_of_top_ten_highest_peaks_use_cooling_kw</display_name>
      <short_name>average_of_top_ten_highest_peaks_use_cooling_kw</short_name>
      <type>Double</type>
      <model_dependent>false</model_dependent>
    </output>
    <output>
      <name>average_of_top_ten_highest_peaks_timing_heating_hour</name>
      <display_name>average_of_top_ten_highest_peaks_timing_heating_hour</display_name>
      <short_name>average_of_top_ten_highest_peaks_timing_heating_hour</short_name>
      <type>Double</type>
      <model_dependent>false</model_dependent>
    </output>
    <output>
      <name>average_of_top_ten_highest_peaks_timing_cooling_hour</name>
      <display_name>average_of_top_ten_highest_peaks_timing_cooling_hour</display_name>
      <short_name>average_of_top_ten_highest_peaks_timing_cooling_hour</short_name>
      <type>Double</type>
      <model_dependent>false</model_dependent>
    </output>
  </outputs>
  <provenances />
  <tags>
    <tag>Reporting.QAQC</tag>
  </tags>
  <attributes>
    <attribute>
      <name>Measure Type</name>
      <value>ReportingMeasure</value>
      <datatype>string</datatype>
    </attribute>
  </attributes>
  <files>
    <file>
      <filename>constants.rb</filename>
      <filetype>rb</filetype>
      <usage_type>resource</usage_type>
      <checksum>4A01E6CA</checksum>
    </file>
    <file>
      <filename>qoi_report_test.rb</filename>
      <filetype>rb</filetype>
      <usage_type>test</usage_type>
      <checksum>FDE812FB</checksum>
    </file>
    <file>
      <version>
        <software_program>OpenStudio</software_program>
        <identifier>2.9.0</identifier>
        <min_compatible>2.9.0</min_compatible>
      </version>
      <filename>measure.rb</filename>
      <filetype>rb</filetype>
      <usage_type>script</usage_type>
      <checksum>204BD05F</checksum>
    </file>
  </files>
</measure>
