Dependency=HVAC Has Ducts	Dependency=Geometry Building Type RECS	Dependency=Vintage	Dependency=Geometry Foundation Type	Option=None	Option=10% Leakage, Uninsulated	Option=20% Leakage, Uninsulated	Option=30% Leakage, Uninsulated	Option=10% Leakage, R-4	Option=20% Leakage, R-4	Option=30% Leakage, R-4	Option=10% Leakage, R-6	Option=20% Leakage, R-6	Option=30% Leakage, R-6	Option=10% Leakage, R-8	Option=20% Leakage, R-8	Option=30% Leakage, R-8	Option=0% Leakage, Uninsulated	sampling_probability
Yes	Single-Family Detached	<1940	Vented Crawlspace	0	0.26	0.47	0.27	0	0	0	0	0	0	0	0	0	0	0.0133162
Yes	Single-Family Detached	1950s	Vented Crawlspace	0	0.26	0.47	0.27	0	0	0	0	0	0	0	0	0	0	0.0172441
Yes	Single-Family Detached	1960s	Vented Crawlspace	0	0.26	0.47	0.27	0	0	0	0	0	0	0	0	0	0	0.0134755
Yes	Single-Family Detached	1970s	Vented Crawlspace	0	0.26	0.47	0.27	0	0	0	0	0	0	0	0	0	0	0.0170867
Yes	Single-Family Detached	1980s	Vented Crawlspace	0	0.26	0.47	0.27	0	0	0	0	0	0	0	0	0	0	0.010718
Yes	Single-Family Detached	1990s	Vented Crawlspace	0	0.26	0.47	0.27	0	0	0	0	0	0	0	0	0	0	0.0130954
Yes	Single-Family Detached	2000s	Vented Crawlspace	0	0	0	0	0	0	0	0.26	0.47	0.27	0	0	0	0	0.0102736
Yes	Single-Family Attached	<1940	Vented Crawlspace	0	0.26	0.47	0.27	0	0	0	0	0	0	0	0	0	0	0.00114262
Yes	Single-Family Attached	1950s	Vented Crawlspace	0	0.26	0.47	0.27	0	0	0	0	0	0	0	0	0	0	0.000879094
Yes	Single-Family Attached	1960s	Vented Crawlspace	0	0.26	0.47	0.27	0	0	0	0	0	0	0	0	0	0	0.000698857
Yes	Single-Family Attached	1970s	Vented Crawlspace	0	0.26	0.47	0.27	0	0	0	0	0	0	0	0	0	0	0.00157131
Yes	Single-Family Attached	1980s	Vented Crawlspace	0	0.26	0.47	0.27	0	0	0	0	0	0	0	0	0	0	0.00158042
Yes	Single-Family Attached	1990s	Vented Crawlspace	0	0.26	0.47	0.27	0	0	0	0	0	0	0	0	0	0	0.00138769
Yes	Single-Family Attached	2000s	Vented Crawlspace	0	0	0	0	0	0	0	0.26	0.47	0.27	0	0	0	0	0.0011905
Yes	Multi-Family with 2 - 4 Units	<1940	Vented Crawlspace	0	0.26	0.47	0.27	0	0	0	0	0	0	0	0	0	0	0.00344257
Yes	Multi-Family with 2 - 4 Units	1950s	Vented Crawlspace	0	0.26	0.47	0.27	0	0	0	0	0	0	0	0	0	0	0.00173847
Yes	Multi-Family with 2 - 4 Units	1960s	Vented Crawlspace	0	0.26	0.47	0.27	0	0	0	0	0	0	0	0	0	0	0.00173617
Yes	Multi-Family with 2 - 4 Units	1970s	Vented Crawlspace	0	0.26	0.47	0.27	0	0	0	0	0	0	0	0	0	0	0.00276498
Yes	Multi-Family with 2 - 4 Units	1980s	Vented Crawlspace	0	0.26	0.47	0.27	0	0	0	0	0	0	0	0	0	0	0.0017554
Yes	Multi-Family with 2 - 4 Units	1990s	Vented Crawlspace	0	0.26	0.47	0.27	0	0	0	0	0	0	0	0	0	0	0.00148769
Yes	Multi-Family with 2 - 4 Units	2000s	Vented Crawlspace	0	0	0	0	0	0	0	0.26	0.47	0.27	0	0	0	0	0.000814868
Yes	Multi-Family with 5+ Units	<1940	Vented Crawlspace	0	0.26	0.47	0.27	0	0	0	0	0	0	0	0	0	0	0.00304517
Yes	Multi-Family with 5+ Units	1950s	Vented Crawlspace	0	0.26	0.47	0.27	0	0	0	0	0	0	0	0	0	0	0.00255366
Yes	Multi-Family with 5+ Units	1960s	Vented Crawlspace	0	0.26	0.47	0.27	0	0	0	0	0	0	0	0	0	0	0.00406707
Yes	Multi-Family with 5+ Units	1970s	Vented Crawlspace	0	0.26	0.47	0.27	0	0	0	0	0	0	0	0	0	0	0.00727771
Yes	Multi-Family with 5+ Units	1980s	Vented Crawlspace	0	0.26	0.47	0.27	0	0	0	0	0	0	0	0	0	0	0.0050337
Yes	Multi-Family with 5+ Units	1990s	Vented Crawlspace	0	0.26	0.47	0.27	0	0	0	0	0	0	0	0	0	0	0.00472025
Yes	Multi-Family with 5+ Units	2000s	Vented Crawlspace	0	0	0	0	0	0	0	0.26	0.47	0.27	0	0	0	0	0.00329654
Yes	Mobile Home	<1940	Vented Crawlspace	0	0.26	0.47	0.27	0	0	0	0	0	0	0	0	0	0	0
Yes	Mobile Home	1950s	Vented Crawlspace	0	0.26	0.47	0.27	0	0	0	0	0	0	0	0	0	0	0
Yes	Mobile Home	1960s	Vented Crawlspace	0	0.26	0.47	0.27	0	0	0	0	0	0	0	0	0	0	0
Yes	Mobile Home	1970s	Vented Crawlspace	0	0.26	0.47	0.27	0	0	0	0	0	0	0	0	0	0	0
Yes	Mobile Home	1980s	Vented Crawlspace	0	0.26	0.47	0.27	0	0	0	0	0	0	0	0	0	0	0
Yes	Mobile Home	1990s	Vented Crawlspace	0	0.26	0.47	0.27	0	0	0	0	0	0	0	0	0	0	0
Yes	Mobile Home	2000s	Vented Crawlspace	0	0	0	0	0	0	0	0.26	0.47	0.27	0	0	0	0	0
Yes	Single-Family Detached	1940s	Vented Crawlspace	0	0.26	0.47	0.27	0	0	0	0	0	0	0	0	0	0	0.00665154
Yes	Single-Family Attached	1940s	Vented Crawlspace	0	0.26	0.47	0.27	0	0	0	0	0	0	0	0	0	0	0.000512139
Yes	Multi-Family with 2 - 4 Units	1940s	Vented Crawlspace	0	0.26	0.47	0.27	0	0	0	0	0	0	0	0	0	0	0.00100638
Yes	Multi-Family with 5+ Units	1940s	Vented Crawlspace	0	0.26	0.47	0.27	0	0	0	0	0	0	0	0	0	0	0.0010949
Yes	Mobile Home	1940s	Vented Crawlspace	0	0.26	0.47	0.27	0	0	0	0	0	0	0	0	0	0	0
Yes	Single-Family Detached	2010s	Vented Crawlspace	0	0	0	0	0	0	0	0.26	0.47	0.27	0	0	0	0	0.00336451
Yes	Single-Family Attached	2010s	Vented Crawlspace	0	0	0	0	0	0	0	0.26	0.47	0.27	0	0	0	0	0.000415782
Yes	Multi-Family with 2 - 4 Units	2010s	Vented Crawlspace	0	0	0	0	0	0	0	0.26	0.47	0.27	0	0	0	0	0.000340854
Yes	Multi-Family with 5+ Units	2010s	Vented Crawlspace	0	0	0	0	0	0	0	0.26	0.47	0.27	0	0	0	0	0.0020677
Yes	Mobile Home	2010s	Vented Crawlspace	0	0	0	0	0	0	0	0.26	0.47	0.27	0	0	0	0	0
No	Single-Family Detached	<1940	Vented Crawlspace	1	0	0	0	0	0	0	0	0	0	0	0	0	0	0.0095013
No	Single-Family Detached	1950s	Vented Crawlspace	1	0	0	0	0	0	0	0	0	0	0	0	0	0	0.00686801
No	Single-Family Detached	1960s	Vented Crawlspace	1	0	0	0	0	0	0	0	0	0	0	0	0	0	0.00404848
No	Single-Family Detached	1970s	Vented Crawlspace	1	0	0	0	0	0	0	0	0	0	0	0	0	0	0.00412414
No	Single-Family Detached	1980s	Vented Crawlspace	1	0	0	0	0	0	0	0	0	0	0	0	0	0	0.00179298
No	Single-Family Detached	1990s	Vented Crawlspace	1	0	0	0	0	0	0	0	0	0	0	0	0	0	0.00137875
No	Single-Family Detached	2000s	Vented Crawlspace	1	0	0	0	0	0	0	0	0	0	0	0	0	0	0.00066708
No	Single-Family Attached	<1940	Vented Crawlspace	1	0	0	0	0	0	0	0	0	0	0	0	0	0	0.00102447
No	Single-Family Attached	1950s	Vented Crawlspace	1	0	0	0	0	0	0	0	0	0	0	0	0	0	0.000403799
No	Single-Family Attached	1960s	Vented Crawlspace	1	0	0	0	0	0	0	0	0	0	0	0	0	0	0.000265806
No	Single-Family Attached	1970s	Vented Crawlspace	1	0	0	0	0	0	0	0	0	0	0	0	0	0	0.000443859
No	Single-Family Attached	1980s	Vented Crawlspace	1	0	0	0	0	0	0	0	0	0	0	0	0	0	0.000290304
No	Single-Family Attached	1990s	Vented Crawlspace	1	0	0	0	0	0	0	0	0	0	0	0	0	0	0.0001683
No	Single-Family Attached	2000s	Vented Crawlspace	1	0	0	0	0	0	0	0	0	0	0	0	0	0	9.42101e-05
No	Multi-Family with 2 - 4 Units	<1940	Vented Crawlspace	1	0	0	0	0	0	0	0	0	0	0	0	0	0	0.00311634
No	Multi-Family with 2 - 4 Units	1950s	Vented Crawlspace	1	0	0	0	0	0	0	0	0	0	0	0	0	0	0.00102408
No	Multi-Family with 2 - 4 Units	1960s	Vented Crawlspace	1	0	0	0	0	0	0	0	0	0	0	0	0	0	0.000910826
No	Multi-Family with 2 - 4 Units	1970s	Vented Crawlspace	1	0	0	0	0	0	0	0	0	0	0	0	0	0	0.00104634
No	Multi-Family with 2 - 4 Units	1980s	Vented Crawlspace	1	0	0	0	0	0	0	0	0	0	0	0	0	0	0.00052644
No	Multi-Family with 2 - 4 Units	1990s	Vented Crawlspace	1	0	0	0	0	0	0	0	0	0	0	0	0	0	0.000306978
No	Multi-Family with 2 - 4 Units	2000s	Vented Crawlspace	1	0	0	0	0	0	0	0	0	0	0	0	0	0	7.74587e-05
No	Multi-Family with 5+ Units	<1940	Vented Crawlspace	1	0	0	0	0	0	0	0	0	0	0	0	0	0	0.00338044
No	Multi-Family with 5+ Units	1950s	Vented Crawlspace	1	0	0	0	0	0	0	0	0	0	0	0	0	0	0.00180432
No	Multi-Family with 5+ Units	1960s	Vented Crawlspace	1	0	0	0	0	0	0	0	0	0	0	0	0	0	0.00245545
No	Multi-Family with 5+ Units	1970s	Vented Crawlspace	1	0	0	0	0	0	0	0	0	0	0	0	0	0	0.00303562
No	Multi-Family with 5+ Units	1980s	Vented Crawlspace	1	0	0	0	0	0	0	0	0	0	0	0	0	0	0.0016153
No	Multi-Family with 5+ Units	1990s	Vented Crawlspace	1	0	0	0	0	0	0	0	0	0	0	0	0	0	0.00113745
No	Multi-Family with 5+ Units	2000s	Vented Crawlspace	1	0	0	0	0	0	0	0	0	0	0	0	0	0	0.000329136
No	Mobile Home	<1940	Vented Crawlspace	1	0	0	0	0	0	0	0	0	0	0	0	0	0	0
No	Mobile Home	1950s	Vented Crawlspace	1	0	0	0	0	0	0	0	0	0	0	0	0	0	0
No	Mobile Home	1960s	Vented Crawlspace	1	0	0	0	0	0	0	0	0	0	0	0	0	0	0
No	Mobile Home	1970s	Vented Crawlspace	1	0	0	0	0	0	0	0	0	0	0	0	0	0	0
No	Mobile Home	1980s	Vented Crawlspace	1	0	0	0	0	0	0	0	0	0	0	0	0	0	0
No	Mobile Home	1990s	Vented Crawlspace	1	0	0	0	0	0	0	0	0	0	0	0	0	0	0
No	Mobile Home	2000s	Vented Crawlspace	1	0	0	0	0	0	0	0	0	0	0	0	0	0	0
No	Single-Family Detached	1940s	Vented Crawlspace	1	0	0	0	0	0	0	0	0	0	0	0	0	0	0.00394037
No	Single-Family Attached	1940s	Vented Crawlspace	1	0	0	0	0	0	0	0	0	0	0	0	0	0	0.00036789
No	Multi-Family with 2 - 4 Units	1940s	Vented Crawlspace	1	0	0	0	0	0	0	0	0	0	0	0	0	0	0.000820803
No	Multi-Family with 5+ Units	1940s	Vented Crawlspace	1	0	0	0	0	0	0	0	0	0	0	0	0	0	0.00115788
No	Mobile Home	1940s	Vented Crawlspace	1	0	0	0	0	0	0	0	0	0	0	0	0	0	0
No	Single-Family Detached	2010s	Vented Crawlspace	1	0	0	0	0	0	0	0	0	0	0	0	0	0	0.00022262
No	Single-Family Attached	2010s	Vented Crawlspace	1	0	0	0	0	0	0	0	0	0	0	0	0	0	2.98927e-05
No	Multi-Family with 2 - 4 Units	2010s	Vented Crawlspace	1	0	0	0	0	0	0	0	0	0	0	0	0	0	3.06749e-05
No	Multi-Family with 5+ Units	2010s	Vented Crawlspace	1	0	0	0	0	0	0	0	0	0	0	0	0	0	0.000226435
No	Mobile Home	2010s	Vented Crawlspace	1	0	0	0	0	0	0	0	0	0	0	0	0	0	0
Yes	Single-Family Detached	<1940	Unvented Crawlspace	0	0.26	0.47	0.27	0	0	0	0	0	0	0	0	0	0	0
Yes	Single-Family Detached	1950s	Unvented Crawlspace	0	0.26	0.47	0.27	0	0	0	0	0	0	0	0	0	0	0
Yes	Single-Family Detached	1960s	Unvented Crawlspace	0	0.26	0.47	0.27	0	0	0	0	0	0	0	0	0	0	0
Yes	Single-Family Detached	1970s	Unvented Crawlspace	0	0.26	0.47	0.27	0	0	0	0	0	0	0	0	0	0	0
Yes	Single-Family Detached	1980s	Unvented Crawlspace	0	0.26	0.47	0.27	0	0	0	0	0	0	0	0	0	0	0.00261836
Yes	Single-Family Detached	1990s	Unvented Crawlspace	0	0.26	0.47	0.27	0	0	0	0	0	0	0	0	0	0	0.00329958
Yes	Single-Family Detached	2000s	Unvented Crawlspace	0	0	0	0	0	0	0	0.26	0.47	0.27	0	0	0	0	0.00247902
Yes	Single-Family Attached	<1940	Unvented Crawlspace	0	0.26	0.47	0.27	0	0	0	0	0	0	0	0	0	0	0
Yes	Single-Family Attached	1950s	Unvented Crawlspace	0	0.26	0.47	0.27	0	0	0	0	0	0	0	0	0	0	0
Yes	Single-Family Attached	1960s	Unvented Crawlspace	0	0.26	0.47	0.27	0	0	0	0	0	0	0	0	0	0	0
Yes	Single-Family Attached	1970s	Unvented Crawlspace	0	0.26	0.47	0.27	0	0	0	0	0	0	0	0	0	0	0
Yes	Single-Family Attached	1980s	Unvented Crawlspace	0	0.26	0.47	0.27	0	0	0	0	0	0	0	0	0	0	0.000399158
Yes	Single-Family Attached	1990s	Unvented Crawlspace	0	0.26	0.47	0.27	0	0	0	0	0	0	0	0	0	0	0.000379333
Yes	Single-Family Attached	2000s	Unvented Crawlspace	0	0	0	0	0	0	0	0.26	0.47	0.27	0	0	0	0	0.000371683
Yes	Multi-Family with 2 - 4 Units	<1940	Unvented Crawlspace	0	0.26	0.47	0.27	0	0	0	0	0	0	0	0	0	0	0
Yes	Multi-Family with 2 - 4 Units	1950s	Unvented Crawlspace	0	0.26	0.47	0.27	0	0	0	0	0	0	0	0	0	0	0
Yes	Multi-Family with 2 - 4 Units	1960s	Unvented Crawlspace	0	0.26	0.47	0.27	0	0	0	0	0	0	0	0	0	0	0
Yes	Multi-Family with 2 - 4 Units	1970s	Unvented Crawlspace	0	0.26	0.47	0.27	0	0	0	0	0	0	0	0	0	0	0
Yes	Multi-Family with 2 - 4 Units	1980s	Unvented Crawlspace	0	0.26	0.47	0.27	0	0	0	0	0	0	0	0	0	0	0.000491968
Yes	Multi-Family with 2 - 4 Units	1990s	Unvented Crawlspace	0	0.26	0.47	0.27	0	0	0	0	0	0	0	0	0	0	0.000422763
Yes	Multi-Family with 2 - 4 Units	2000s	Unvented Crawlspace	0	0	0	0	0	0	0	0.26	0.47	0.27	0	0	0	0	0.000242903
Yes	Multi-Family with 5+ Units	<1940	Unvented Crawlspace	0	0.26	0.47	0.27	0	0	0	0	0	0	0	0	0	0	0
Yes	Multi-Family with 5+ Units	1950s	Unvented Crawlspace	0	0.26	0.47	0.27	0	0	0	0	0	0	0	0	0	0	0
Yes	Multi-Family with 5+ Units	1960s	Unvented Crawlspace	0	0.26	0.47	0.27	0	0	0	0	0	0	0	0	0	0	0
Yes	Multi-Family with 5+ Units	1970s	Unvented Crawlspace	0	0.26	0.47	0.27	0	0	0	0	0	0	0	0	0	0	0
Yes	Multi-Family with 5+ Units	1980s	Unvented Crawlspace	0	0.26	0.47	0.27	0	0	0	0	0	0	0	0	0	0	0.00133011
Yes	Multi-Family with 5+ Units	1990s	Unvented Crawlspace	0	0.26	0.47	0.27	0	0	0	0	0	0	0	0	0	0	0.0012811
Yes	Multi-Family with 5+ Units	2000s	Unvented Crawlspace	0	0	0	0	0	0	0	0.26	0.47	0.27	0	0	0	0	0.000900738
Yes	Mobile Home	<1940	Unvented Crawlspace	0	0.26	0.47	0.27	0	0	0	0	0	0	0	0	0	0	0
Yes	Mobile Home	1950s	Unvented Crawlspace	0	0.26	0.47	0.27	0	0	0	0	0	0	0	0	0	0	0
Yes	Mobile Home	1960s	Unvented Crawlspace	0	0.26	0.47	0.27	0	0	0	0	0	0	0	0	0	0	0
Yes	Mobile Home	1970s	Unvented Crawlspace	0	0.26	0.47	0.27	0	0	0	0	0	0	0	0	0	0	0
Yes	Mobile Home	1980s	Unvented Crawlspace	0	0.26	0.47	0.27	0	0	0	0	0	0	0	0	0	0	0
Yes	Mobile Home	1990s	Unvented Crawlspace	0	0.26	0.47	0.27	0	0	0	0	0	0	0	0	0	0	0
Yes	Mobile Home	2000s	Unvented Crawlspace	0	0	0	0	0	0	0	0.26	0.47	0.27	0	0	0	0	0
Yes	Single-Family Detached	1940s	Unvented Crawlspace	0	0.26	0.47	0.27	0	0	0	0	0	0	0	0	0	0	0
Yes	Single-Family Attached	1940s	Unvented Crawlspace	0	0.26	0.47	0.27	0	0	0	0	0	0	0	0	0	0	0
Yes	Multi-Family with 2 - 4 Units	1940s	Unvented Crawlspace	0	0.26	0.47	0.27	0	0	0	0	0	0	0	0	0	0	0
Yes	Multi-Family with 5+ Units	1940s	Unvented Crawlspace	0	0.26	0.47	0.27	0	0	0	0	0	0	0	0	0	0	0
Yes	Mobile Home	1940s	Unvented Crawlspace	0	0.26	0.47	0.27	0	0	0	0	0	0	0	0	0	0	0
Yes	Single-Family Detached	2010s	Unvented Crawlspace	0	0	0	0	0	0	0	0.26	0.47	0.27	0	0	0	0	0.000781287
Yes	Single-Family Attached	2010s	Unvented Crawlspace	0	0	0	0	0	0	0	0.26	0.47	0.27	0	0	0	0	0.000128175
Yes	Multi-Family with 2 - 4 Units	2010s	Unvented Crawlspace	0	0	0	0	0	0	0	0.26	0.47	0.27	0	0	0	0	0.000102684
Yes	Multi-Family with 5+ Units	2010s	Unvented Crawlspace	0	0	0	0	0	0	0	0.26	0.47	0.27	0	0	0	0	0.000592106
Yes	Mobile Home	2010s	Unvented Crawlspace	0	0	0	0	0	0	0	0.26	0.47	0.27	0	0	0	0	0
No	Single-Family Detached	<1940	Unvented Crawlspace	1	0	0	0	0	0	0	0	0	0	0	0	0	0	0
No	Single-Family Detached	1950s	Unvented Crawlspace	1	0	0	0	0	0	0	0	0	0	0	0	0	0	0
No	Single-Family Detached	1960s	Unvented Crawlspace	1	0	0	0	0	0	0	0	0	0	0	0	0	0	0
No	Single-Family Detached	1970s	Unvented Crawlspace	1	0	0	0	0	0	0	0	0	0	0	0	0	0	0
No	Single-Family Detached	1980s	Unvented Crawlspace	1	0	0	0	0	0	0	0	0	0	0	0	0	0	0.000467338
No	Single-Family Detached	1990s	Unvented Crawlspace	1	0	0	0	0	0	0	0	0	0	0	0	0	0	0.000386365
No	Single-Family Detached	2000s	Unvented Crawlspace	1	0	0	0	0	0	0	0	0	0	0	0	0	0	0.000226398
No	Single-Family Attached	<1940	Unvented Crawlspace	1	0	0	0	0	0	0	0	0	0	0	0	0	0	0
No	Single-Family Attached	1950s	Unvented Crawlspace	1	0	0	0	0	0	0	0	0	0	0	0	0	0	0
No	Single-Family Attached	1960s	Unvented Crawlspace	1	0	0	0	0	0	0	0	0	0	0	0	0	0	0
No	Single-Family Attached	1970s	Unvented Crawlspace	1	0	0	0	0	0	0	0	0	0	0	0	0	0	0
No	Single-Family Attached	1980s	Unvented Crawlspace	1	0	0	0	0	0	0	0	0	0	0	0	0	0	7.89483e-05
No	Single-Family Attached	1990s	Unvented Crawlspace	1	0	0	0	0	0	0	0	0	0	0	0	0	0	5.01943e-05
No	Single-Family Attached	2000s	Unvented Crawlspace	1	0	0	0	0	0	0	0	0	0	0	0	0	0	3.41214e-05
No	Multi-Family with 2 - 4 Units	<1940	Unvented Crawlspace	1	0	0	0	0	0	0	0	0	0	0	0	0	0	0
No	Multi-Family with 2 - 4 Units	1950s	Unvented Crawlspace	1	0	0	0	0	0	0	0	0	0	0	0	0	0	0
No	Multi-Family with 2 - 4 Units	1960s	Unvented Crawlspace	1	0	0	0	0	0	0	0	0	0	0	0	0	0	0
No	Multi-Family with 2 - 4 Units	1970s	Unvented Crawlspace	1	0	0	0	0	0	0	0	0	0	0	0	0	0	0
No	Multi-Family with 2 - 4 Units	1980s	Unvented Crawlspace	1	0	0	0	0	0	0	0	0	0	0	0	0	0	0.000166846
No	Multi-Family with 2 - 4 Units	1990s	Unvented Crawlspace	1	0	0	0	0	0	0	0	0	0	0	0	0	0	9.62458e-05
No	Multi-Family with 2 - 4 Units	2000s	Unvented Crawlspace	1	0	0	0	0	0	0	0	0	0	0	0	0	0	2.61576e-05
No	Multi-Family with 5+ Units	<1940	Unvented Crawlspace	1	0	0	0	0	0	0	0	0	0	0	0	0	0	0
No	Multi-Family with 5+ Units	1950s	Unvented Crawlspace	1	0	0	0	0	0	0	0	0	0	0	0	0	0	0
No	Multi-Family with 5+ Units	1960s	Unvented Crawlspace	1	0	0	0	0	0	0	0	0	0	0	0	0	0	0
No	Multi-Family with 5+ Units	1970s	Unvented Crawlspace	1	0	0	0	0	0	0	0	0	0	0	0	0	0	0
No	Multi-Family with 5+ Units	1980s	Unvented Crawlspace	1	0	0	0	0	0	0	0	0	0	0	0	0	0	0.000506558
No	Multi-Family with 5+ Units	1990s	Unvented Crawlspace	1	0	0	0	0	0	0	0	0	0	0	0	0	0	0.00032695
No	Multi-Family with 5+ Units	2000s	Unvented Crawlspace	1	0	0	0	0	0	0	0	0	0	0	0	0	0	0.000103971
No	Mobile Home	<1940	Unvented Crawlspace	1	0	0	0	0	0	0	0	0	0	0	0	0	0	0
No	Mobile Home	1950s	Unvented Crawlspace	1	0	0	0	0	0	0	0	0	0	0	0	0	0	0
No	Mobile Home	1960s	Unvented Crawlspace	1	0	0	0	0	0	0	0	0	0	0	0	0	0	0
No	Mobile Home	1970s	Unvented Crawlspace	1	0	0	0	0	0	0	0	0	0	0	0	0	0	0
No	Mobile Home	1980s	Unvented Crawlspace	1	0	0	0	0	0	0	0	0	0	0	0	0	0	0
No	Mobile Home	1990s	Unvented Crawlspace	1	0	0	0	0	0	0	0	0	0	0	0	0	0	0
No	Mobile Home	2000s	Unvented Crawlspace	1	0	0	0	0	0	0	0	0	0	0	0	0	0	0
No	Single-Family Detached	1940s	Unvented Crawlspace	1	0	0	0	0	0	0	0	0	0	0	0	0	0	0
No	Single-Family Attached	1940s	Unvented Crawlspace	1	0	0	0	0	0	0	0	0	0	0	0	0	0	0
No	Multi-Family with 2 - 4 Units	1940s	Unvented Crawlspace	1	0	0	0	0	0	0	0	0	0	0	0	0	0	0
No	Multi-Family with 5+ Units	1940s	Unvented Crawlspace	1	0	0	0	0	0	0	0	0	0	0	0	0	0	0
No	Mobile Home	1940s	Unvented Crawlspace	1	0	0	0	0	0	0	0	0	0	0	0	0	0	0
No	Single-Family Detached	2010s	Unvented Crawlspace	1	0	0	0	0	0	0	0	0	0	0	0	0	0	7.0771e-05
No	Single-Family Attached	2010s	Unvented Crawlspace	1	0	0	0	0	0	0	0	0	0	0	0	0	0	1.04564e-05
No	Multi-Family with 2 - 4 Units	2010s	Unvented Crawlspace	1	0	0	0	0	0	0	0	0	0	0	0	0	0	9.77023e-06
No	Multi-Family with 5+ Units	2010s	Unvented Crawlspace	1	0	0	0	0	0	0	0	0	0	0	0	0	0	6.99026e-05
No	Mobile Home	2010s	Unvented Crawlspace	1	0	0	0	0	0	0	0	0	0	0	0	0	0	0
Yes	Single-Family Detached	<1940	Heated Basement	0	0	0	0	0	0	0	0	0	0	0	0	0	1	0.00946223
Yes	Single-Family Detached	1950s	Heated Basement	0	0	0	0	0	0	0	0	0	0	0	0	0	1	0.0133385
Yes	Single-Family Detached	1960s	Heated Basement	0	0	0	0	0	0	0	0	0	0	0	0	0	1	0.0102439
Yes	Single-Family Detached	1970s	Heated Basement	0	0	0	0	0	0	0	0	0	0	0	0	0	1	0.0121586
Yes	Single-Family Detached	1980s	Heated Basement	0	0	0	0	0	0	0	0	0	0	0	0	0	1	0.00938535
Yes	Single-Family Detached	1990s	Heated Basement	0	0	0	0	0	0	0	0	0	0	0	0	0	1	0.0120272
Yes	Single-Family Detached	2000s	Heated Basement	0	0	0	0	0	0	0	0	0	0	0	0	0	1	0.0110524
Yes	Single-Family Attached	<1940	Heated Basement	0	0	0	0	0	0	0	0	0	0	0	0	0	1	0.000861499
Yes	Single-Family Attached	1950s	Heated Basement	0	0	0	0	0	0	0	0	0	0	0	0	0	1	0.000655225
Yes	Single-Family Attached	1960s	Heated Basement	0	0	0	0	0	0	0	0	0	0	0	0	0	1	0.000536351
Yes	Single-Family Attached	1970s	Heated Basement	0	0	0	0	0	0	0	0	0	0	0	0	0	1	0.00109986
Yes	Single-Family Attached	1980s	Heated Basement	0	0	0	0	0	0	0	0	0	0	0	0	0	1	0.00163304
Yes	Single-Family Attached	1990s	Heated Basement	0	0	0	0	0	0	0	0	0	0	0	0	0	1	0.00162862
Yes	Single-Family Attached	2000s	Heated Basement	0	0	0	0	0	0	0	0	0	0	0	0	0	1	0.00180718
Yes	Multi-Family with 2 - 4 Units	<1940	Heated Basement	0	0	0	0	0	0	0	0	0	0	0	0	0	1	0
Yes	Multi-Family with 2 - 4 Units	1950s	Heated Basement	0	0	0	0	0	0	0	0	0	0	0	0	0	1	0
Yes	Multi-Family with 2 - 4 Units	1960s	Heated Basement	0	0	0	0	0	0	0	0	0	0	0	0	0	1	0
Yes	Multi-Family with 2 - 4 Units	1970s	Heated Basement	0	0	0	0	0	0	0	0	0	0	0	0	0	1	0
Yes	Multi-Family with 2 - 4 Units	1980s	Heated Basement	0	0	0	0	0	0	0	0	0	0	0	0	0	1	0
Yes	Multi-Family with 2 - 4 Units	1990s	Heated Basement	0	0	0	0	0	0	0	0	0	0	0	0	0	1	0
Yes	Multi-Family with 2 - 4 Units	2000s	Heated Basement	0	0	0	0	0	0	0	0	0	0	0	0	0	1	0
Yes	Multi-Family with 5+ Units	<1940	Heated Basement	0	0	0	0	0	0	0	0	0	0	0	0	0	1	0
Yes	Multi-Family with 5+ Units	1950s	Heated Basement	0	0	0	0	0	0	0	0	0	0	0	0	0	1	0
Yes	Multi-Family with 5+ Units	1960s	Heated Basement	0	0	0	0	0	0	0	0	0	0	0	0	0	1	0
Yes	Multi-Family with 5+ Units	1970s	Heated Basement	0	0	0	0	0	0	0	0	0	0	0	0	0	1	0
Yes	Multi-Family with 5+ Units	1980s	Heated Basement	0	0	0	0	0	0	0	0	0	0	0	0	0	1	0
Yes	Multi-Family with 5+ Units	1990s	Heated Basement	0	0	0	0	0	0	0	0	0	0	0	0	0	1	0
Yes	Multi-Family with 5+ Units	2000s	Heated Basement	0	0	0	0	0	0	0	0	0	0	0	0	0	1	0
Yes	Mobile Home	<1940	Heated Basement	0	0	0	0	0	0	0	0	0	0	0	0	0	1	0
Yes	Mobile Home	1950s	Heated Basement	0	0	0	0	0	0	0	0	0	0	0	0	0	1	0
Yes	Mobile Home	1960s	Heated Basement	0	0	0	0	0	0	0	0	0	0	0	0	0	1	0
Yes	Mobile Home	1970s	Heated Basement	0	0	0	0	0	0	0	0	0	0	0	0	0	1	0
Yes	Mobile Home	1980s	Heated Basement	0	0	0	0	0	0	0	0	0	0	0	0	0	1	0
Yes	Mobile Home	1990s	Heated Basement	0	0	0	0	0	0	0	0	0	0	0	0	0	1	0
Yes	Mobile Home	2000s	Heated Basement	0	0	0	0	0	0	0	0	0	0	0	0	0	1	0
Yes	Single-Family Detached	1940s	Heated Basement	0	0	0	0	0	0	0	0	0	0	0	0	0	1	0.00593501
Yes	Single-Family Attached	1940s	Heated Basement	0	0	0	0	0	0	0	0	0	0	0	0	0	1	0.000447511
Yes	Multi-Family with 2 - 4 Units	1940s	Heated Basement	0	0	0	0	0	0	0	0	0	0	0	0	0	1	0
Yes	Multi-Family with 5+ Units	1940s	Heated Basement	0	0	0	0	0	0	0	0	0	0	0	0	0	1	0
Yes	Mobile Home	1940s	Heated Basement	0	0	0	0	0	0	0	0	0	0	0	0	0	1	0
Yes	Single-Family Detached	2010s	Heated Basement	0	0	0	0	0	0	0	0	0	0	0	0	0	1	0.00324057
Yes	Single-Family Attached	2010s	Heated Basement	0	0	0	0	0	0	0	0	0	0	0	0	0	1	0.000565545
Yes	Multi-Family with 2 - 4 Units	2010s	Heated Basement	0	0	0	0	0	0	0	0	0	0	0	0	0	1	0
Yes	Multi-Family with 5+ Units	2010s	Heated Basement	0	0	0	0	0	0	0	0	0	0	0	0	0	1	0
Yes	Mobile Home	2010s	Heated Basement	0	0	0	0	0	0	0	0	0	0	0	0	0	1	0
No	Single-Family Detached	<1940	Heated Basement	1	0	0	0	0	0	0	0	0	0	0	0	0	0	0.00642419
No	Single-Family Detached	1950s	Heated Basement	1	0	0	0	0	0	0	0	0	0	0	0	0	0	0.00453569
No	Single-Family Detached	1960s	Heated Basement	1	0	0	0	0	0	0	0	0	0	0	0	0	0	0.00352503
No	Single-Family Detached	1970s	Heated Basement	1	0	0	0	0	0	0	0	0	0	0	0	0	0	0.00376601
No	Single-Family Detached	1980s	Heated Basement	1	0	0	0	0	0	0	0	0	0	0	0	0	0	0.00187734
No	Single-Family Detached	1990s	Heated Basement	1	0	0	0	0	0	0	0	0	0	0	0	0	0	0.00164054
No	Single-Family Detached	2000s	Heated Basement	1	0	0	0	0	0	0	0	0	0	0	0	0	0	0.00115906
No	Single-Family Attached	<1940	Heated Basement	1	0	0	0	0	0	0	0	0	0	0	0	0	0	0.00074428
No	Single-Family Attached	1950s	Heated Basement	1	0	0	0	0	0	0	0	0	0	0	0	0	0	0.000268182
No	Single-Family Attached	1960s	Heated Basement	1	0	0	0	0	0	0	0	0	0	0	0	0	0	0.000200073
No	Single-Family Attached	1970s	Heated Basement	1	0	0	0	0	0	0	0	0	0	0	0	0	0	0.000344752
No	Single-Family Attached	1980s	Heated Basement	1	0	0	0	0	0	0	0	0	0	0	0	0	0	0.000324459
No	Single-Family Attached	1990s	Heated Basement	1	0	0	0	0	0	0	0	0	0	0	0	0	0	0.000218772
No	Single-Family Attached	2000s	Heated Basement	1	0	0	0	0	0	0	0	0	0	0	0	0	0	0.000171473
No	Multi-Family with 2 - 4 Units	<1940	Heated Basement	1	0	0	0	0	0	0	0	0	0	0	0	0	0	0
No	Multi-Family with 2 - 4 Units	1950s	Heated Basement	1	0	0	0	0	0	0	0	0	0	0	0	0	0	0
No	Multi-Family with 2 - 4 Units	1960s	Heated Basement	1	0	0	0	0	0	0	0	0	0	0	0	0	0	0
No	Multi-Family with 2 - 4 Units	1970s	Heated Basement	1	0	0	0	0	0	0	0	0	0	0	0	0	0	0
No	Multi-Family with 2 - 4 Units	1980s	Heated Basement	1	0	0	0	0	0	0	0	0	0	0	0	0	0	0
No	Multi-Family with 2 - 4 Units	1990s	Heated Basement	1	0	0	0	0	0	0	0	0	0	0	0	0	0	0
No	Multi-Family with 2 - 4 Units	2000s	Heated Basement	1	0	0	0	0	0	0	0	0	0	0	0	0	0	0
No	Multi-Family with 5+ Units	<1940	Heated Basement	1	0	0	0	0	0	0	0	0	0	0	0	0	0	0
No	Multi-Family with 5+ Units	1950s	Heated Basement	1	0	0	0	0	0	0	0	0	0	0	0	0	0	0
No	Multi-Family with 5+ Units	1960s	Heated Basement	1	0	0	0	0	0	0	0	0	0	0	0	0	0	0
No	Multi-Family with 5+ Units	1970s	Heated Basement	1	0	0	0	0	0	0	0	0	0	0	0	0	0	0
No	Multi-Family with 5+ Units	1980s	Heated Basement	1	0	0	0	0	0	0	0	0	0	0	0	0	0	0
No	Multi-Family with 5+ Units	1990s	Heated Basement	1	0	0	0	0	0	0	0	0	0	0	0	0	0	0
No	Multi-Family with 5+ Units	2000s	Heated Basement	1	0	0	0	0	0	0	0	0	0	0	0	0	0	0
No	Mobile Home	<1940	Heated Basement	1	0	0	0	0	0	0	0	0	0	0	0	0	0	0
No	Mobile Home	1950s	Heated Basement	1	0	0	0	0	0	0	0	0	0	0	0	0	0	0
No	Mobile Home	1960s	Heated Basement	1	0	0	0	0	0	0	0	0	0	0	0	0	0	0
No	Mobile Home	1970s	Heated Basement	1	0	0	0	0	0	0	0	0	0	0	0	0	0	0
No	Mobile Home	1980s	Heated Basement	1	0	0	0	0	0	0	0	0	0	0	0	0	0	0
No	Mobile Home	1990s	Heated Basement	1	0	0	0	0	0	0	0	0	0	0	0	0	0	0
No	Mobile Home	2000s	Heated Basement	1	0	0	0	0	0	0	0	0	0	0	0	0	0	0
No	Single-Family Detached	1940s	Heated Basement	1	0	0	0	0	0	0	0	0	0	0	0	0	0	0.0023986
No	Single-Family Attached	1940s	Heated Basement	1	0	0	0	0	0	0	0	0	0	0	0	0	0	0.000232049
No	Multi-Family with 2 - 4 Units	1940s	Heated Basement	1	0	0	0	0	0	0	0	0	0	0	0	0	0	0
No	Multi-Family with 5+ Units	1940s	Heated Basement	1	0	0	0	0	0	0	0	0	0	0	0	0	0	0
No	Mobile Home	1940s	Heated Basement	1	0	0	0	0	0	0	0	0	0	0	0	0	0	0
No	Single-Family Detached	2010s	Heated Basement	1	0	0	0	0	0	0	0	0	0	0	0	0	0	0.000344699
No	Single-Family Attached	2010s	Heated Basement	1	0	0	0	0	0	0	0	0	0	0	0	0	0	4.68854e-05
No	Multi-Family with 2 - 4 Units	2010s	Heated Basement	1	0	0	0	0	0	0	0	0	0	0	0	0	0	0
No	Multi-Family with 5+ Units	2010s	Heated Basement	1	0	0	0	0	0	0	0	0	0	0	0	0	0	0
No	Mobile Home	2010s	Heated Basement	1	0	0	0	0	0	0	0	0	0	0	0	0	0	0
Yes	Single-Family Detached	<1940	Ambient	0	0	0	0	0.26	0.47	0.27	0	0	0	0	0	0	0	0.00112618
Yes	Single-Family Detached	1950s	Ambient	0	0	0	0	0.26	0.47	0.27	0	0	0	0	0	0	0	0.00284739
Yes	Single-Family Detached	1960s	Ambient	0	0	0	0	0.26	0.47	0.27	0	0	0	0	0	0	0	0.00221664
Yes	Single-Family Detached	1970s	Ambient	0	0	0	0	0.26	0.47	0.27	0	0	0	0	0	0	0	0.0028828
Yes	Single-Family Detached	1980s	Ambient	0	0	0	0	0.26	0.47	0.27	0	0	0	0	0	0	0	0.00320375
Yes	Single-Family Detached	1990s	Ambient	0	0	0	0	0.26	0.47	0.27	0	0	0	0	0	0	0	0.00368539
Yes	Single-Family Detached	2000s	Ambient	0	0	0	0	0	0	0	0	0	0	0.26	0.47	0.27	0	0.00316071
Yes	Single-Family Attached	<1940	Ambient	0	0	0	0	0.26	0.47	0.27	0	0	0	0	0	0	0	0
Yes	Single-Family Attached	1950s	Ambient	0	0	0	0	0.26	0.47	0.27	0	0	0	0	0	0	0	0
Yes	Single-Family Attached	1960s	Ambient	0	0	0	0	0.26	0.47	0.27	0	0	0	0	0	0	0	0
Yes	Single-Family Attached	1970s	Ambient	0	0	0	0	0.26	0.47	0.27	0	0	0	0	0	0	0	0
Yes	Single-Family Attached	1980s	Ambient	0	0	0	0	0.26	0.47	0.27	0	0	0	0	0	0	0	0
Yes	Single-Family Attached	1990s	Ambient	0	0	0	0	0.26	0.47	0.27	0	0	0	0	0	0	0	0
Yes	Single-Family Attached	2000s	Ambient	0	0	0	0	0	0	0	0	0	0	0.26	0.47	0.27	0	0
Yes	Multi-Family with 2 - 4 Units	<1940	Ambient	0	0	0	0	0.26	0.47	0.27	0	0	0	0	0	0	0	0
Yes	Multi-Family with 2 - 4 Units	1950s	Ambient	0	0	0	0	0.26	0.47	0.27	0	0	0	0	0	0	0	0
Yes	Multi-Family with 2 - 4 Units	1960s	Ambient	0	0	0	0	0.26	0.47	0.27	0	0	0	0	0	0	0	0
Yes	Multi-Family with 2 - 4 Units	1970s	Ambient	0	0	0	0	0.26	0.47	0.27	0	0	0	0	0	0	0	0
Yes	Multi-Family with 2 - 4 Units	1980s	Ambient	0	0	0	0	0.26	0.47	0.27	0	0	0	0	0	0	0	0
Yes	Multi-Family with 2 - 4 Units	1990s	Ambient	0	0	0	0	0.26	0.47	0.27	0	0	0	0	0	0	0	0
Yes	Multi-Family with 2 - 4 Units	2000s	Ambient	0	0	0	0	0	0	0	0	0	0	0.26	0.47	0.27	0	0
Yes	Multi-Family with 5+ Units	<1940	Ambient	0	0	0	0	0.26	0.47	0.27	0	0	0	0	0	0	0	0
Yes	Multi-Family with 5+ Units	1950s	Ambient	0	0	0	0	0.26	0.47	0.27	0	0	0	0	0	0	0	0
Yes	Multi-Family with 5+ Units	1960s	Ambient	0	0	0	0	0.26	0.47	0.27	0	0	0	0	0	0	0	0
Yes	Multi-Family with 5+ Units	1970s	Ambient	0	0	0	0	0.26	0.47	0.27	0	0	0	0	0	0	0	0
Yes	Multi-Family with 5+ Units	1980s	Ambient	0	0	0	0	0.26	0.47	0.27	0	0	0	0	0	0	0	0
Yes	Multi-Family with 5+ Units	1990s	Ambient	0	0	0	0	0.26	0.47	0.27	0	0	0	0	0	0	0	0
Yes	Multi-Family with 5+ Units	2000s	Ambient	0	0	0	0	0	0	0	0	0	0	0.26	0.47	0.27	0	0
Yes	Mobile Home	<1940	Ambient	0	0	0	0	0.26	0.47	0.27	0	0	0	0	0	0	0	0.000250897
Yes	Mobile Home	1950s	Ambient	0	0	0	0	0.26	0.47	0.27	0	0	0	0	0	0	0	0.000630941
Yes	Mobile Home	1960s	Ambient	0	0	0	0	0.26	0.47	0.27	0	0	0	0	0	0	0	0.00265101
Yes	Mobile Home	1970s	Ambient	0	0	0	0	0.26	0.47	0.27	0	0	0	0	0	0	0	0.010201
Yes	Mobile Home	1980s	Ambient	0	0	0	0	0.26	0.47	0.27	0	0	0	0	0	0	0	0.0119786
Yes	Mobile Home	1990s	Ambient	0	0	0	0	0.26	0.47	0.27	0	0	0	0	0	0	0	0.0160853
Yes	Mobile Home	2000s	Ambient	0	0	0	0	0	0	0	0	0	0	0.26	0.47	0.27	0	0.00947446
Yes	Single-Family Detached	1940s	Ambient	0	0	0	0	0.26	0.47	0.27	0	0	0	0	0	0	0	0.00111879
Yes	Single-Family Attached	1940s	Ambient	0	0	0	0	0.26	0.47	0.27	0	0	0	0	0	0	0	0
Yes	Multi-Family with 2 - 4 Units	1940s	Ambient	0	0	0	0	0.26	0.47	0.27	0	0	0	0	0	0	0	0
Yes	Multi-Family with 5+ Units	1940s	Ambient	0	0	0	0	0.26	0.47	0.27	0	0	0	0	0	0	0	0
Yes	Mobile Home	1940s	Ambient	0	0	0	0	0.26	0.47	0.27	0	0	0	0	0	0	0	0.000176634
Yes	Single-Family Detached	2010s	Ambient	0	0	0	0	0	0	0	0	0	0	0.26	0.47	0.27	0	0.00106011
Yes	Single-Family Attached	2010s	Ambient	0	0	0	0	0	0	0	0	0	0	0.26	0.47	0.27	0	0
Yes	Multi-Family with 2 - 4 Units	2010s	Ambient	0	0	0	0	0	0	0	0	0	0	0.26	0.47	0.27	0	0
Yes	Multi-Family with 5+ Units	2010s	Ambient	0	0	0	0	0	0	0	0	0	0	0.26	0.47	0.27	0	0
Yes	Mobile Home	2010s	Ambient	0	0	0	0	0	0	0	0	0	0	0.26	0.47	0.27	0	0.00288078
No	Single-Family Detached	<1940	Ambient	1	0	0	0	0	0	0	0	0	0	0	0	0	0	0.000706202
No	Single-Family Detached	1950s	Ambient	1	0	0	0	0	0	0	0	0	0	0	0	0	0	0.00114349
No	Single-Family Detached	1960s	Ambient	1	0	0	0	0	0	0	0	0	0	0	0	0	0	0.00057836
No	Single-Family Detached	1970s	Ambient	1	0	0	0	0	0	0	0	0	0	0	0	0	0	0.000630898
No	Single-Family Detached	1980s	Ambient	1	0	0	0	0	0	0	0	0	0	0	0	0	0	0.00042054
No	Single-Family Detached	1990s	Ambient	1	0	0	0	0	0	0	0	0	0	0	0	0	0	0.000317994
No	Single-Family Detached	2000s	Ambient	1	0	0	0	0	0	0	0	0	0	0	0	0	0	0.000136663
No	Single-Family Attached	<1940	Ambient	1	0	0	0	0	0	0	0	0	0	0	0	0	0	0
No	Single-Family Attached	1950s	Ambient	1	0	0	0	0	0	0	0	0	0	0	0	0	0	0
No	Single-Family Attached	1960s	Ambient	1	0	0	0	0	0	0	0	0	0	0	0	0	0	0
No	Single-Family Attached	1970s	Ambient	1	0	0	0	0	0	0	0	0	0	0	0	0	0	0
No	Single-Family Attached	1980s	Ambient	1	0	0	0	0	0	0	0	0	0	0	0	0	0	0
No	Single-Family Attached	1990s	Ambient	1	0	0	0	0	0	0	0	0	0	0	0	0	0	0
No	Single-Family Attached	2000s	Ambient	1	0	0	0	0	0	0	0	0	0	0	0	0	0	0
No	Multi-Family with 2 - 4 Units	<1940	Ambient	1	0	0	0	0	0	0	0	0	0	0	0	0	0	0
No	Multi-Family with 2 - 4 Units	1950s	Ambient	1	0	0	0	0	0	0	0	0	0	0	0	0	0	0
No	Multi-Family with 2 - 4 Units	1960s	Ambient	1	0	0	0	0	0	0	0	0	0	0	0	0	0	0
No	Multi-Family with 2 - 4 Units	1970s	Ambient	1	0	0	0	0	0	0	0	0	0	0	0	0	0	0
No	Multi-Family with 2 - 4 Units	1980s	Ambient	1	0	0	0	0	0	0	0	0	0	0	0	0	0	0
No	Multi-Family with 2 - 4 Units	1990s	Ambient	1	0	0	0	0	0	0	0	0	0	0	0	0	0	0
No	Multi-Family with 2 - 4 Units	2000s	Ambient	1	0	0	0	0	0	0	0	0	0	0	0	0	0	0
No	Multi-Family with 5+ Units	<1940	Ambient	1	0	0	0	0	0	0	0	0	0	0	0	0	0	0
No	Multi-Family with 5+ Units	1950s	Ambient	1	0	0	0	0	0	0	0	0	0	0	0	0	0	0
No	Multi-Family with 5+ Units	1960s	Ambient	1	0	0	0	0	0	0	0	0	0	0	0	0	0	0
No	Multi-Family with 5+ Units	1970s	Ambient	1	0	0	0	0	0	0	0	0	0	0	0	0	0	0
No	Multi-Family with 5+ Units	1980s	Ambient	1	0	0	0	0	0	0	0	0	0	0	0	0	0	0
No	Multi-Family with 5+ Units	1990s	Ambient	1	0	0	0	0	0	0	0	0	0	0	0	0	0	0
No	Multi-Family with 5+ Units	2000s	Ambient	1	0	0	0	0	0	0	0	0	0	0	0	0	0	0
No	Mobile Home	<1940	Ambient	1	0	0	0	0	0	0	0	0	0	0	0	0	0	0.000136614
No	Mobile Home	1950s	Ambient	1	0	0	0	0	0	0	0	0	0	0	0	0	0	0.000257176
No	Mobile Home	1960s	Ambient	1	0	0	0	0	0	0	0	0	0	0	0	0	0	0.00096286
No	Mobile Home	1970s	Ambient	1	0	0	0	0	0	0	0	0	0	0	0	0	0	0.00256332
No	Mobile Home	1980s	Ambient	1	0	0	0	0	0	0	0	0	0	0	0	0	0	0.0020202
No	Mobile Home	1990s	Ambient	1	0	0	0	0	0	0	0	0	0	0	0	0	0	0.00175596
No	Mobile Home	2000s	Ambient	1	0	0	0	0	0	0	0	0	0	0	0	0	0	0.000497024
No	Single-Family Detached	1940s	Ambient	1	0	0	0	0	0	0	0	0	0	0	0	0	0	0.000486442
No	Single-Family Attached	1940s	Ambient	1	0	0	0	0	0	0	0	0	0	0	0	0	0	0
No	Multi-Family with 2 - 4 Units	1940s	Ambient	1	0	0	0	0	0	0	0	0	0	0	0	0	0	0
No	Multi-Family with 5+ Units	1940s	Ambient	1	0	0	0	0	0	0	0	0	0	0	0	0	0	0
No	Mobile Home	1940s	Ambient	1	0	0	0	0	0	0	0	0	0	0	0	0	0	8.32544e-05
No	Single-Family Detached	2010s	Ambient	1	0	0	0	0	0	0	0	0	0	0	0	0	0	4.62989e-05
No	Single-Family Attached	2010s	Ambient	1	0	0	0	0	0	0	0	0	0	0	0	0	0	0
No	Multi-Family with 2 - 4 Units	2010s	Ambient	1	0	0	0	0	0	0	0	0	0	0	0	0	0	0
No	Multi-Family with 5+ Units	2010s	Ambient	1	0	0	0	0	0	0	0	0	0	0	0	0	0	0
No	Mobile Home	2010s	Ambient	1	0	0	0	0	0	0	0	0	0	0	0	0	0	0.000149789
Yes	Single-Family Detached	<1940	Slab	0	0	0	0	0.26	0.47	0.27	0	0	0	0	0	0	0	0.00504416
Yes	Single-Family Detached	1950s	Slab	0	0	0	0	0.26	0.47	0.27	0	0	0	0	0	0	0	0.0157607
Yes	Single-Family Detached	1960s	Slab	0	0	0	0	0.26	0.47	0.27	0	0	0	0	0	0	0	0.0223676
Yes	Single-Family Detached	1970s	Slab	0	0	0	0	0.26	0.47	0.27	0	0	0	0	0	0	0	0.0295048
Yes	Single-Family Detached	1980s	Slab	0	0	0	0	0.26	0.47	0.27	0	0	0	0	0	0	0	0.0296555
Yes	Single-Family Detached	1990s	Slab	0	0	0	0	0.26	0.47	0.27	0	0	0	0	0	0	0	0.0339585
Yes	Single-Family Detached	2000s	Slab	0	0	0	0	0	0	0	0	0	0	0.26	0.47	0.27	0	0.0487915
Yes	Single-Family Attached	<1940	Slab	0	0	0	0	0.26	0.47	0.27	0	0	0	0	0	0	0	0.000470394
Yes	Single-Family Attached	1950s	Slab	0	0	0	0	0.26	0.47	0.27	0	0	0	0	0	0	0	0.000763155
Yes	Single-Family Attached	1960s	Slab	0	0	0	0	0.26	0.47	0.27	0	0	0	0	0	0	0	0.00120289
Yes	Single-Family Attached	1970s	Slab	0	0	0	0	0.26	0.47	0.27	0	0	0	0	0	0	0	0.00301364
Yes	Single-Family Attached	1980s	Slab	0	0	0	0	0.26	0.47	0.27	0	0	0	0	0	0	0	0.00425735
Yes	Single-Family Attached	1990s	Slab	0	0	0	0	0.26	0.47	0.27	0	0	0	0	0	0	0	0.00307771
Yes	Single-Family Attached	2000s	Slab	0	0	0	0	0	0	0	0	0	0	0.26	0.47	0.27	0	0.0049649
Yes	Multi-Family with 2 - 4 Units	<1940	Slab	0	0	0	0	0.26	0.47	0.27	0	0	0	0	0	0	0	0.00134122
Yes	Multi-Family with 2 - 4 Units	1950s	Slab	0	0	0	0	0.26	0.47	0.27	0	0	0	0	0	0	0	0.00158079
Yes	Multi-Family with 2 - 4 Units	1960s	Slab	0	0	0	0	0.26	0.47	0.27	0	0	0	0	0	0	0	0.00288531
Yes	Multi-Family with 2 - 4 Units	1970s	Slab	0	0	0	0	0.26	0.47	0.27	0	0	0	0	0	0	0	0.00485129
Yes	Multi-Family with 2 - 4 Units	1980s	Slab	0	0	0	0	0.26	0.47	0.27	0	0	0	0	0	0	0	0.00489854
Yes	Multi-Family with 2 - 4 Units	1990s	Slab	0	0	0	0	0.26	0.47	0.27	0	0	0	0	0	0	0	0.00363383
Yes	Multi-Family with 2 - 4 Units	2000s	Slab	0	0	0	0	0	0	0	0	0	0	0.26	0.47	0.27	0	0.00366588
Yes	Multi-Family with 5+ Units	<1940	Slab	0	0	0	0	0.26	0.47	0.27	0	0	0	0	0	0	0	0.00122676
Yes	Multi-Family with 5+ Units	1950s	Slab	0	0	0	0	0.26	0.47	0.27	0	0	0	0	0	0	0	0.00226048
Yes	Multi-Family with 5+ Units	1960s	Slab	0	0	0	0	0.26	0.47	0.27	0	0	0	0	0	0	0	0.00711315
Yes	Multi-Family with 5+ Units	1970s	Slab	0	0	0	0	0.26	0.47	0.27	0	0	0	0	0	0	0	0.0141907
Yes	Multi-Family with 5+ Units	1980s	Slab	0	0	0	0	0.26	0.47	0.27	0	0	0	0	0	0	0	0.0150978
Yes	Multi-Family with 5+ Units	1990s	Slab	0	0	0	0	0.26	0.47	0.27	0	0	0	0	0	0	0	0.012655
Yes	Multi-Family with 5+ Units	2000s	Slab	0	0	0	0	0	0	0	0	0	0	0.26	0.47	0.27	0	0.0156867
Yes	Mobile Home	<1940	Slab	0	0	0	0	0.26	0.47	0.27	0	0	0	0	0	0	0	0
Yes	Mobile Home	1950s	Slab	0	0	0	0	0.26	0.47	0.27	0	0	0	0	0	0	0	0
Yes	Mobile Home	1960s	Slab	0	0	0	0	0.26	0.47	0.27	0	0	0	0	0	0	0	0
Yes	Mobile Home	1970s	Slab	0	0	0	0	0.26	0.47	0.27	0	0	0	0	0	0	0	0
Yes	Mobile Home	1980s	Slab	0	0	0	0	0.26	0.47	0.27	0	0	0	0	0	0	0	0
Yes	Mobile Home	1990s	Slab	0	0	0	0	0.26	0.47	0.27	0	0	0	0	0	0	0	0
Yes	Mobile Home	2000s	Slab	0	0	0	0	0	0	0	0	0	0	0.26	0.47	0.27	0	0
Yes	Single-Family Detached	1940s	Slab	0	0	0	0	0.26	0.47	0.27	0	0	0	0	0	0	0	0.00614372
Yes	Single-Family Attached	1940s	Slab	0	0	0	0	0.26	0.47	0.27	0	0	0	0	0	0	0	0.000441891
Yes	Multi-Family with 2 - 4 Units	1940s	Slab	0	0	0	0	0.26	0.47	0.27	0	0	0	0	0	0	0	0.000950468
Yes	Multi-Family with 5+ Units	1940s	Slab	0	0	0	0	0.26	0.47	0.27	0	0	0	0	0	0	0	0.000981087
Yes	Mobile Home	1940s	Slab	0	0	0	0	0.26	0.47	0.27	0	0	0	0	0	0	0	0
Yes	Single-Family Detached	2010s	Slab	0	0	0	0	0	0	0	0	0	0	0.26	0.47	0.27	0	0.015558
Yes	Single-Family Attached	2010s	Slab	0	0	0	0	0	0	0	0	0	0	0.26	0.47	0.27	0	0.0016961
Yes	Multi-Family with 2 - 4 Units	2010s	Slab	0	0	0	0	0	0	0	0	0	0	0.26	0.47	0.27	0	0.00151609
Yes	Multi-Family with 5+ Units	2010s	Slab	0	0	0	0	0	0	0	0	0	0	0.26	0.47	0.27	0	0.00898626
Yes	Mobile Home	2010s	Slab	0	0	0	0	0	0	0	0	0	0	0.26	0.47	0.27	0	0
No	Single-Family Detached	<1940	Slab	1	0	0	0	0	0	0	0	0	0	0	0	0	0	0.00371567
No	Single-Family Detached	1950s	Slab	1	0	0	0	0	0	0	0	0	0	0	0	0	0	0.00669494
No	Single-Family Detached	1960s	Slab	1	0	0	0	0	0	0	0	0	0	0	0	0	0	0.00591506
No	Single-Family Detached	1970s	Slab	1	0	0	0	0	0	0	0	0	0	0	0	0	0	0.00578179
No	Single-Family Detached	1980s	Slab	1	0	0	0	0	0	0	0	0	0	0	0	0	0	0.00368519
No	Single-Family Detached	1990s	Slab	1	0	0	0	0	0	0	0	0	0	0	0	0	0	0.00251336
No	Single-Family Detached	2000s	Slab	1	0	0	0	0	0	0	0	0	0	0	0	0	0	0.00172426
No	Single-Family Attached	<1940	Slab	1	0	0	0	0	0	0	0	0	0	0	0	0	0	0.0004343
No	Single-Family Attached	1950s	Slab	1	0	0	0	0	0	0	0	0	0	0	0	0	0	0.000371035
No	Single-Family Attached	1960s	Slab	1	0	0	0	0	0	0	0	0	0	0	0	0	0	0.000389959
No	Single-Family Attached	1970s	Slab	1	0	0	0	0	0	0	0	0	0	0	0	0	0	0.00065836
No	Single-Family Attached	1980s	Slab	1	0	0	0	0	0	0	0	0	0	0	0	0	0	0.000627642
No	Single-Family Attached	1990s	Slab	1	0	0	0	0	0	0	0	0	0	0	0	0	0	0.000299266
No	Single-Family Attached	2000s	Slab	1	0	0	0	0	0	0	0	0	0	0	0	0	0	0.000231677
No	Multi-Family with 2 - 4 Units	<1940	Slab	1	0	0	0	0	0	0	0	0	0	0	0	0	0	0.00125339
No	Multi-Family with 2 - 4 Units	1950s	Slab	1	0	0	0	0	0	0	0	0	0	0	0	0	0	0.000921137
No	Multi-Family with 2 - 4 Units	1960s	Slab	1	0	0	0	0	0	0	0	0	0	0	0	0	0	0.00121732
No	Multi-Family with 2 - 4 Units	1970s	Slab	1	0	0	0	0	0	0	0	0	0	0	0	0	0	0.00144576
No	Multi-Family with 2 - 4 Units	1980s	Slab	1	0	0	0	0	0	0	0	0	0	0	0	0	0	0.000946165
No	Multi-Family with 2 - 4 Units	1990s	Slab	1	0	0	0	0	0	0	0	0	0	0	0	0	0	0.000503533
No	Multi-Family with 2 - 4 Units	2000s	Slab	1	0	0	0	0	0	0	0	0	0	0	0	0	0	0.000178647
No	Multi-Family with 5+ Units	<1940	Slab	1	0	0	0	0	0	0	0	0	0	0	0	0	0	0.00138922
No	Multi-Family with 5+ Units	1950s	Slab	1	0	0	0	0	0	0	0	0	0	0	0	0	0	0.00160694
No	Multi-Family with 5+ Units	1960s	Slab	1	0	0	0	0	0	0	0	0	0	0	0	0	0	0.00328693
No	Multi-Family with 5+ Units	1970s	Slab	1	0	0	0	0	0	0	0	0	0	0	0	0	0	0.00439199
No	Multi-Family with 5+ Units	1980s	Slab	1	0	0	0	0	0	0	0	0	0	0	0	0	0	0.00294185
No	Multi-Family with 5+ Units	1990s	Slab	1	0	0	0	0	0	0	0	0	0	0	0	0	0	0.00185347
No	Multi-Family with 5+ Units	2000s	Slab	1	0	0	0	0	0	0	0	0	0	0	0	0	0	0.000770195
No	Mobile Home	<1940	Slab	1	0	0	0	0	0	0	0	0	0	0	0	0	0	0
No	Mobile Home	1950s	Slab	1	0	0	0	0	0	0	0	0	0	0	0	0	0	0
No	Mobile Home	1960s	Slab	1	0	0	0	0	0	0	0	0	0	0	0	0	0	0
No	Mobile Home	1970s	Slab	1	0	0	0	0	0	0	0	0	0	0	0	0	0	0
No	Mobile Home	1980s	Slab	1	0	0	0	0	0	0	0	0	0	0	0	0	0	0
No	Mobile Home	1990s	Slab	1	0	0	0	0	0	0	0	0	0	0	0	0	0	0
No	Mobile Home	2000s	Slab	1	0	0	0	0	0	0	0	0	0	0	0	0	0	0
No	Single-Family Detached	1940s	Slab	1	0	0	0	0	0	0	0	0	0	0	0	0	0	0.00340047
No	Single-Family Attached	1940s	Slab	1	0	0	0	0	0	0	0	0	0	0	0	0	0	0.000295933
No	Multi-Family with 2 - 4 Units	1940s	Slab	1	0	0	0	0	0	0	0	0	0	0	0	0	0	0.000689953
No	Multi-Family with 5+ Units	1940s	Slab	1	0	0	0	0	0	0	0	0	0	0	0	0	0	0.000944476
No	Mobile Home	1940s	Slab	1	0	0	0	0	0	0	0	0	0	0	0	0	0	0
No	Single-Family Detached	2010s	Slab	1	0	0	0	0	0	0	0	0	0	0	0	0	0	0.000552736
No	Single-Family Attached	2010s	Slab	1	0	0	0	0	0	0	0	0	0	0	0	0	0	7.41332e-05
No	Multi-Family with 2 - 4 Units	2010s	Slab	1	0	0	0	0	0	0	0	0	0	0	0	0	0	7.55925e-05
No	Multi-Family with 5+ Units	2010s	Slab	1	0	0	0	0	0	0	0	0	0	0	0	0	0	0.000535443
No	Mobile Home	2010s	Slab	1	0	0	0	0	0	0	0	0	0	0	0	0	0	0
Yes	Single-Family Detached	<1940	Unheated Basement	0	0.26	0.47	0.27	0	0	0	0	0	0	0	0	0	0	0.0173788
Yes	Single-Family Detached	1950s	Unheated Basement	0	0.26	0.47	0.27	0	0	0	0	0	0	0	0	0	0	0.0094616
Yes	Single-Family Detached	1960s	Unheated Basement	0	0.26	0.47	0.27	0	0	0	0	0	0	0	0	0	0	0.00608235
Yes	Single-Family Detached	1970s	Unheated Basement	0	0.26	0.47	0.27	0	0	0	0	0	0	0	0	0	0	0.00681372
Yes	Single-Family Detached	1980s	Unheated Basement	0	0.26	0.47	0.27	0	0	0	0	0	0	0	0	0	0	0.00476557
Yes	Single-Family Detached	1990s	Unheated Basement	0	0.26	0.47	0.27	0	0	0	0	0	0	0	0	0	0	0.00619151
Yes	Single-Family Detached	2000s	Unheated Basement	0	0	0	0	0	0	0	0.26	0.47	0.27	0	0	0	0	0.00710668
Yes	Single-Family Attached	<1940	Unheated Basement	0	0.26	0.47	0.27	0	0	0	0	0	0	0	0	0	0	0.00181792
Yes	Single-Family Attached	1950s	Unheated Basement	0	0.26	0.47	0.27	0	0	0	0	0	0	0	0	0	0	0.000497044
Yes	Single-Family Attached	1960s	Unheated Basement	0	0.26	0.47	0.27	0	0	0	0	0	0	0	0	0	0	0.000327165
Yes	Single-Family Attached	1970s	Unheated Basement	0	0.26	0.47	0.27	0	0	0	0	0	0	0	0	0	0	0.000647273
Yes	Single-Family Attached	1980s	Unheated Basement	0	0.26	0.47	0.27	0	0	0	0	0	0	0	0	0	0	0.000810012
Yes	Single-Family Attached	1990s	Unheated Basement	0	0.26	0.47	0.27	0	0	0	0	0	0	0	0	0	0	0.000833929
Yes	Single-Family Attached	2000s	Unheated Basement	0	0	0	0	0	0	0	0.26	0.47	0.27	0	0	0	0	0.00105379
Yes	Multi-Family with 2 - 4 Units	<1940	Unheated Basement	0	0.26	0.47	0.27	0	0	0	0	0	0	0	0	0	0	0.0062964
Yes	Multi-Family with 2 - 4 Units	1950s	Unheated Basement	0	0.26	0.47	0.27	0	0	0	0	0	0	0	0	0	0	0.00125804
Yes	Multi-Family with 2 - 4 Units	1960s	Unheated Basement	0	0.26	0.47	0.27	0	0	0	0	0	0	0	0	0	0	0.00100895
Yes	Multi-Family with 2 - 4 Units	1970s	Unheated Basement	0	0.26	0.47	0.27	0	0	0	0	0	0	0	0	0	0	0.00128726
Yes	Multi-Family with 2 - 4 Units	1980s	Unheated Basement	0	0.26	0.47	0.27	0	0	0	0	0	0	0	0	0	0	0.000930144
Yes	Multi-Family with 2 - 4 Units	1990s	Unheated Basement	0	0.26	0.47	0.27	0	0	0	0	0	0	0	0	0	0	0.000828421
Yes	Multi-Family with 2 - 4 Units	2000s	Unheated Basement	0	0	0	0	0	0	0	0.26	0.47	0.27	0	0	0	0	0.000752316
Yes	Multi-Family with 5+ Units	<1940	Unheated Basement	0	0.26	0.47	0.27	0	0	0	0	0	0	0	0	0	0	0.00447828
Yes	Multi-Family with 5+ Units	1950s	Unheated Basement	0	0.26	0.47	0.27	0	0	0	0	0	0	0	0	0	0	0.00150136
Yes	Multi-Family with 5+ Units	1960s	Unheated Basement	0	0.26	0.47	0.27	0	0	0	0	0	0	0	0	0	0	0.00209607
Yes	Multi-Family with 5+ Units	1970s	Unheated Basement	0	0.26	0.47	0.27	0	0	0	0	0	0	0	0	0	0	0.00322118
Yes	Multi-Family with 5+ Units	1980s	Unheated Basement	0	0.26	0.47	0.27	0	0	0	0	0	0	0	0	0	0	0.00237137
Yes	Multi-Family with 5+ Units	1990s	Unheated Basement	0	0.26	0.47	0.27	0	0	0	0	0	0	0	0	0	0	0.00233567
Yes	Multi-Family with 5+ Units	2000s	Unheated Basement	0	0	0	0	0	0	0	0.26	0.47	0.27	0	0	0	0	0.00270821
Yes	Mobile Home	<1940	Unheated Basement	0	0.26	0.47	0.27	0	0	0	0	0	0	0	0	0	0	0
Yes	Mobile Home	1950s	Unheated Basement	0	0.26	0.47	0.27	0	0	0	0	0	0	0	0	0	0	0
Yes	Mobile Home	1960s	Unheated Basement	0	0.26	0.47	0.27	0	0	0	0	0	0	0	0	0	0	0
Yes	Mobile Home	1970s	Unheated Basement	0	0.26	0.47	0.27	0	0	0	0	0	0	0	0	0	0	0
Yes	Mobile Home	1980s	Unheated Basement	0	0.26	0.47	0.27	0	0	0	0	0	0	0	0	0	0	0
Yes	Mobile Home	1990s	Unheated Basement	0	0.26	0.47	0.27	0	0	0	0	0	0	0	0	0	0	0
Yes	Mobile Home	2000s	Unheated Basement	0	0	0	0	0	0	0	0.26	0.47	0.27	0	0	0	0	0
Yes	Single-Family Detached	1940s	Unheated Basement	0	0.26	0.47	0.27	0	0	0	0	0	0	0	0	0	0	0.00410379
Yes	Single-Family Attached	1940s	Unheated Basement	0	0.26	0.47	0.27	0	0	0	0	0	0	0	0	0	0	0.000343589
Yes	Multi-Family with 2 - 4 Units	1940s	Unheated Basement	0	0.26	0.47	0.27	0	0	0	0	0	0	0	0	0	0	0.000927169
Yes	Multi-Family with 5+ Units	1940s	Unheated Basement	0	0.26	0.47	0.27	0	0	0	0	0	0	0	0	0	0	0.000807328
Yes	Mobile Home	1940s	Unheated Basement	0	0.26	0.47	0.27	0	0	0	0	0	0	0	0	0	0	0
Yes	Single-Family Detached	2010s	Unheated Basement	0	0	0	0	0	0	0	0.26	0.47	0.27	0	0	0	0	0.00214956
Yes	Single-Family Attached	2010s	Unheated Basement	0	0	0	0	0	0	0	0.26	0.47	0.27	0	0	0	0	0.000338656
Yes	Multi-Family with 2 - 4 Units	2010s	Unheated Basement	0	0	0	0	0	0	0	0.26	0.47	0.27	0	0	0	0	0.000316065
Yes	Multi-Family with 5+ Units	2010s	Unheated Basement	0	0	0	0	0	0	0	0.26	0.47	0.27	0	0	0	0	0.00168842
Yes	Mobile Home	2010s	Unheated Basement	0	0	0	0	0	0	0	0.26	0.47	0.27	0	0	0	0	0
No	Single-Family Detached	<1940	Unheated Basement	1	0	0	0	0	0	0	0	0	0	0	0	0	0	0.0124127
No	Single-Family Detached	1950s	Unheated Basement	1	0	0	0	0	0	0	0	0	0	0	0	0	0	0.00314941
No	Single-Family Detached	1960s	Unheated Basement	1	0	0	0	0	0	0	0	0	0	0	0	0	0	0.00192755
No	Single-Family Detached	1970s	Unheated Basement	1	0	0	0	0	0	0	0	0	0	0	0	0	0	0.00196115
No	Single-Family Detached	1980s	Unheated Basement	1	0	0	0	0	0	0	0	0	0	0	0	0	0	0.00101902
No	Single-Family Detached	1990s	Unheated Basement	1	0	0	0	0	0	0	0	0	0	0	0	0	0	0.000827005
No	Single-Family Detached	2000s	Unheated Basement	1	0	0	0	0	0	0	0	0	0	0	0	0	0	0.000690153
No	Single-Family Attached	<1940	Unheated Basement	1	0	0	0	0	0	0	0	0	0	0	0	0	0	0.00164364
No	Single-Family Attached	1950s	Unheated Basement	1	0	0	0	0	0	0	0	0	0	0	0	0	0	0.000200907
No	Single-Family Attached	1960s	Unheated Basement	1	0	0	0	0	0	0	0	0	0	0	0	0	0	0.000115791
No	Single-Family Attached	1970s	Unheated Basement	1	0	0	0	0	0	0	0	0	0	0	0	0	0	0.000195644
No	Single-Family Attached	1980s	Unheated Basement	1	0	0	0	0	0	0	0	0	0	0	0	0	0	0.00017804
No	Single-Family Attached	1990s	Unheated Basement	1	0	0	0	0	0	0	0	0	0	0	0	0	0	0.00011385
No	Single-Family Attached	2000s	Unheated Basement	1	0	0	0	0	0	0	0	0	0	0	0	0	0	9.82772e-05
No	Multi-Family with 2 - 4 Units	<1940	Unheated Basement	1	0	0	0	0	0	0	0	0	0	0	0	0	0	0.00596408
No	Multi-Family with 2 - 4 Units	1950s	Unheated Basement	1	0	0	0	0	0	0	0	0	0	0	0	0	0	0.000703328
No	Multi-Family with 2 - 4 Units	1960s	Unheated Basement	1	0	0	0	0	0	0	0	0	0	0	0	0	0	0.000586256
No	Multi-Family with 2 - 4 Units	1970s	Unheated Basement	1	0	0	0	0	0	0	0	0	0	0	0	0	0	0.000712716
No	Multi-Family with 2 - 4 Units	1980s	Unheated Basement	1	0	0	0	0	0	0	0	0	0	0	0	0	0	0.000402957
No	Multi-Family with 2 - 4 Units	1990s	Unheated Basement	1	0	0	0	0	0	0	0	0	0	0	0	0	0	0.000230591
No	Multi-Family with 2 - 4 Units	2000s	Unheated Basement	1	0	0	0	0	0	0	0	0	0	0	0	0	0	7.84791e-05
No	Multi-Family with 5+ Units	<1940	Unheated Basement	1	0	0	0	0	0	0	0	0	0	0	0	0	0	0.00547851
No	Multi-Family with 5+ Units	1950s	Unheated Basement	1	0	0	0	0	0	0	0	0	0	0	0	0	0	0.00112092
No	Multi-Family with 5+ Units	1960s	Unheated Basement	1	0	0	0	0	0	0	0	0	0	0	0	0	0	0.00144293
No	Multi-Family with 5+ Units	1970s	Unheated Basement	1	0	0	0	0	0	0	0	0	0	0	0	0	0	0.00214267
No	Multi-Family with 5+ Units	1980s	Unheated Basement	1	0	0	0	0	0	0	0	0	0	0	0	0	0	0.00117628
No	Multi-Family with 5+ Units	1990s	Unheated Basement	1	0	0	0	0	0	0	0	0	0	0	0	0	0	0.00075679
No	Multi-Family with 5+ Units	2000s	Unheated Basement	1	0	0	0	0	0	0	0	0	0	0	0	0	0	0.000300862
No	Mobile Home	<1940	Unheated Basement	1	0	0	0	0	0	0	0	0	0	0	0	0	0	0
No	Mobile Home	1950s	Unheated Basement	1	0	0	0	0	0	0	0	0	0	0	0	0	0	0
No	Mobile Home	1960s	Unheated Basement	1	0	0	0	0	0	0	0	0	0	0	0	0	0	0
No	Mobile Home	1970s	Unheated Basement	1	0	0	0	0	0	0	0	0	0	0	0	0	0	0
No	Mobile Home	1980s	Unheated Basement	1	0	0	0	0	0	0	0	0	0	0	0	0	0	0
No	Mobile Home	1990s	Unheated Basement	1	0	0	0	0	0	0	0	0	0	0	0	0	0	0
No	Mobile Home	2000s	Unheated Basement	1	0	0	0	0	0	0	0	0	0	0	0	0	0	0
No	Single-Family Detached	1940s	Unheated Basement	1	0	0	0	0	0	0	0	0	0	0	0	0	0	0.00164595
No	Single-Family Attached	1940s	Unheated Basement	1	0	0	0	0	0	0	0	0	0	0	0	0	0	0.00017693
No	Multi-Family with 2 - 4 Units	1940s	Unheated Basement	1	0	0	0	0	0	0	0	0	0	0	0	0	0	0.000560959
No	Multi-Family with 5+ Units	1940s	Unheated Basement	1	0	0	0	0	0	0	0	0	0	0	0	0	0	0.000702267
No	Mobile Home	1940s	Unheated Basement	1	0	0	0	0	0	0	0	0	0	0	0	0	0	0
No	Single-Family Detached	2010s	Unheated Basement	1	0	0	0	0	0	0	0	0	0	0	0	0	0	0.000206137
No	Single-Family Attached	2010s	Unheated Basement	1	0	0	0	0	0	0	0	0	0	0	0	0	0	2.71739e-05
No	Multi-Family with 2 - 4 Units	2010s	Unheated Basement	1	0	0	0	0	0	0	0	0	0	0	0	0	0	3.32801e-05
No	Multi-Family with 5+ Units	2010s	Unheated Basement	1	0	0	0	0	0	0	0	0	0	0	0	0	0	0.000210226
No	Mobile Home	2010s	Unheated Basement	1	0	0	0	0	0	0	0	0	0	0	0	0	0	0
# Source, duct insulation as a function of location: IECC 2009
# Source, leakage distribution: Lucas and Cole, 'Impacts of the 2009 IECC for Residential Buildings at State Level', 2009
# Source, duct location: Wilson et al., 'Building America House Simulation Protocols', 2014