Dependency=Heating Fuel	Dependency=HVAC Has Shared System	Dependency=HVAC Heating Type	Option=ASHP, SEER 10, 6.2 HSPF	Option=ASHP, SEER 13, 7.7 HSPF	Option=ASHP, SEER 15, 8.5 HSPF	Option=Electric Baseboard, 100% Efficiency	Option=Electric Boiler, 100% AFUE	Option=Electric Furnace, 100% AFUE	Option=Electric Wall Furnace, 100% AFUE	Option=Fuel Boiler, 76% AFUE	Option=Fuel Boiler, 80% AFUE	Option=Fuel Boiler, 90% AFUE	Option=Fuel Furnace, 60% AFUE	Option=Fuel Furnace, 76% AFUE	Option=Fuel Furnace, 80% AFUE	Option=Fuel Furnace, 92.5% AFUE	Option=Fuel Wall/Floor Furnace, 60% AFUE	Option=Fuel Wall/Floor Furnace, 68% AFUE	Option=MSHP, SEER 14.5, 8.2 HSPF	Option=MSHP, SEER 29.3, 14 HSPF	Option=None	Option=Other	Option=Shared Heating	Option=Void	source_count	source_weight	sampling_probability
Electricity	Cooling Only	Ducted Heat Pump	0.072499	0.738385	0.189116	0	0	0	0	0	0	0	0	0	0	0	0	0	0	0	0	0	0	0	1096	5.47585e+06	0.00100912
Electricity	Heating Only	Ducted Heat Pump	0	0	0	0	0	0	0	0	0	0	0	0	0	0	0	0	0	0	0	0	1	0	8	83675.4	0.00114567
Electricity	Heating and Cooling	Ducted Heat Pump	0	0	0	0	0	0	0	0	0	0	0	0	0	0	0	0	0	0	0	0	1	0	8	58568	0.00299801
Electricity	None	Ducted Heat Pump	0.072499	0.738385	0.189116	0	0	0	0	0	0	0	0	0	0	0	0	0	0	0	0	0	0	0	1096	5.47585e+06	0.109665
Electricity	Cooling Only	Ducted Heating	0	0	0	0	0	1	0	0	0	0	0	0	0	0	0	0	0	0	0	0	0	0	1957	8.56165e+06	0.00145381
Electricity	Heating Only	Ducted Heating	0	0	0	0	0	0	0	0	0	0	0	0	0	0	0	0	0	0	0	0	1	0	26	286284	0.00588288
Electricity	Heating and Cooling	Ducted Heating	0	0	0	0	0	0	0	0	0	0	0	0	0	0	0	0	0	0	0	0	1	0	32	285824	0.00397109
Electricity	None	Ducted Heating	0	0	0	0	0	1	0	0	0	0	0	0	0	0	0	0	0	0	0	0	0	0	1957	8.56165e+06	0.174633
Electricity	Cooling Only	Non-Ducted Heat Pump	0	0	0	0	0	0	0	0	0	0	0	0	0	0	0	0	0.5	0.5	0	0	0	0	0	0	0
Electricity	Heating Only	Non-Ducted Heat Pump	0	0	0	0	0	0	0	0	0	0	0	0	0	0	0	0	0	0	0	0	1	0	0	0	0
Electricity	Heating and Cooling	Non-Ducted Heat Pump	0	0	0	0	0	0	0	0	0	0	0	0	0	0	0	0	0	0	0	0	1	0	0	0	0
Electricity	None	Non-Ducted Heat Pump	0	0	0	0	0	0	0	0	0	0	0	0	0	0	0	0	0.5	0.5	0	0	0	0	0	0	0
Electricity	Cooling Only	Non-Ducted Heating	0	0	0	0.963979	0.0163972	0	0.0196238	0	0	0	0	0	0	0	0	0	0	0	0	0	0	0	825	4.24991e+06	0.00044067
Electricity	Heating Only	Non-Ducted Heating	0	0	0	0	0	0	0	0	0	0	0	0	0	0	0	0	0	0	0	0	1	0	70	677549	0.0145544
Electricity	Heating and Cooling	Non-Ducted Heating	0	0	0	0	0	0	0	0	0	0	0	0	0	0	0	0	0	0	0	0	1	0	9	77496	0.00110805
Electricity	None	Non-Ducted Heating	0	0	0	0.963979	0.0163972	0	0.0196238	0	0	0	0	0	0	0	0	0	0	0	0	0	0	0	825	4.24991e+06	0.0783631
Electricity	Cooling Only	None	0	0	0	0	0	0	0	0	0	0	0	0	0	0	0	0	0	0	0	0	0	1	0	0	0
Electricity	Heating Only	None	0	0	0	0	0	0	0	0	0	0	0	0	0	0	0	0	0	0	0	0	0	1	0	0	0
Electricity	Heating and Cooling	None	0	0	0	0	0	0	0	0	0	0	0	0	0	0	0	0	0	0	0	0	0	1	0	0	0
Electricity	None	None	0	0	0	0	0	0	0	0	0	0	0	0	0	0	0	0	0	0	0	0	0	1	0	0	0
Fuel Oil	Cooling Only	Ducted Heat Pump	0	0	0	0	0	0	0	0	0	0	0	0	0	0	0	0	0	0	0	0	0	1	0	0	0
Fuel Oil	Heating Only	Ducted Heat Pump	0	0	0	0	0	0	0	0	0	0	0	0	0	0	0	0	0	0	0	0	0	1	0	0	0
Fuel Oil	Heating and Cooling	Ducted Heat Pump	0	0	0	0	0	0	0	0	0	0	0	0	0	0	0	0	0	0	0	0	0	1	0	0	0
Fuel Oil	None	Ducted Heat Pump	0	0	0	0	0	0	0	0	0	0	0	0	0	0	0	0	0	0	0	0	0	1	0	0	0
Fuel Oil	Cooling Only	Ducted Heating	0	0	0	0	0	0	0	0	0	0	0	0.0176484	0.919321	0.0630305	0	0	0	0	0	0	0	0	277	1.19525e+06	8.25728e-05
Fuel Oil	Heating Only	Ducted Heating	0	0	0	0	0	0	0	0	0	0	0	0	0	0	0	0	0	0	0	0	1	0	28	251641	0.00134342
Fuel Oil	Heating and Cooling	Ducted Heating	0	0	0	0	0	0	0	0	0	0	0	0	0	0	0	0	0	0	0	0	1	0	3	18587.8	0.000381601
Fuel Oil	None	Ducted Heating	0	0	0	0	0	0	0	0	0	0	0	0.0176484	0.919321	0.0630305	0	0	0	0	0	0	0	0	277	1.19525e+06	0.0296683
Fuel Oil	Cooling Only	Non-Ducted Heat Pump	0	0	0	0	0	0	0	0	0	0	0	0	0	0	0	0	0	0	0	0	0	1	0	0	0
Fuel Oil	Heating Only	Non-Ducted Heat Pump	0	0	0	0	0	0	0	0	0	0	0	0	0	0	0	0	0	0	0	0	0	1	0	0	0
Fuel Oil	Heating and Cooling	Non-Ducted Heat Pump	0	0	0	0	0	0	0	0	0	0	0	0	0	0	0	0	0	0	0	0	0	1	0	0	0
Fuel Oil	None	Non-Ducted Heat Pump	0	0	0	0	0	0	0	0	0	0	0	0	0	0	0	0	0	0	0	0	0	1	0	0	0
Fuel Oil	Cooling Only	Non-Ducted Heating	0	0	0	0	0	0	0	0.0264117	0.623016	0.260266	0	0	0	0	0.0307897	0.0595161	0	0	0	0	0	0	358	1.44063e+06	1.12188e-05
Fuel Oil	Heating Only	Non-Ducted Heating	0	0	0	0	0	0	0	0	0	0	0	0	0	0	0	0	0	0	0	0	1	0	148	1.35148e+06	0.00204608
Fuel Oil	Heating and Cooling	Non-Ducted Heating	0	0	0	0	0	0	0	0	0	0	0	0	0	0	0	0	0	0	0	0	1	0	2	17321.8	6.9998e-05
Fuel Oil	None	Non-Ducted Heating	0	0	0	0	0	0	0	0.0264117	0.623016	0.260266	0	0	0	0	0.0307897	0.0595161	0	0	0	0	0	0	358	1.44063e+06	0.0144641
Fuel Oil	Cooling Only	None	0	0	0	0	0	0	0	0	0	0	0	0	0	0	0	0	0	0	0	0	0	1	0	0	0
Fuel Oil	Heating Only	None	0	0	0	0	0	0	0	0	0	0	0	0	0	0	0	0	0	0	0	0	0	1	0	0	0
Fuel Oil	Heating and Cooling	None	0	0	0	0	0	0	0	0	0	0	0	0	0	0	0	0	0	0	0	0	0	1	0	0	0
Fuel Oil	None	None	0	0	0	0	0	0	0	0	0	0	0	0	0	0	0	0	0	0	0	0	0	1	0	0	0
Natural Gas	Cooling Only	Ducted Heat Pump	0	0	0	0	0	0	0	0	0	0	0	0	0	0	0	0	0	0	0	0	0	1	0	0	0
Natural Gas	Heating Only	Ducted Heat Pump	0	0	0	0	0	0	0	0	0	0	0	0	0	0	0	0	0	0	0	0	0	1	0	0	0
Natural Gas	Heating and Cooling	Ducted Heat Pump	0	0	0	0	0	0	0	0	0	0	0	0	0	0	0	0	0	0	0	0	0	1	0	0	0
Natural Gas	None	Ducted Heat Pump	0	0	0	0	0	0	0	0	0	0	0	0	0	0	0	0	0	0	0	0	0	1	0	0	0
Natural Gas	Cooling Only	Ducted Heating	0	0	0	0	0	0	0	0	0	0	0.0110163	0.0907773	0.605242	0.292965	0	0	0	0	0	0	0	0	4552	2.1357e+07	0.00130607
Natural Gas	Heating Only	Ducted Heating	0	0	0	0	0	0	0	0	0	0	0	0	0	0	0	0	0	0	0	0	1	0	115	1.20831e+06	0.0122635
Natural Gas	Heating and Cooling	Ducted Heating	0	0	0	0	0	0	0	0	0	0	0	0	0	0	0	0	0	0	0	0	1	0	49	636787	0.00456739
Natural Gas	None	Ducted Heating	0	0	0	0	0	0	0	0	0	0	0.0110163	0.0907773	0.605242	0.292965	0	0	0	0	0	0	0	0	4552	2.1357e+07	0.324452
Natural Gas	Cooling Only	Non-Ducted Heat Pump	0	0	0	0	0	0	0	0	0	0	0	0	0	0	0	0	0	0	0	0	0	1	0	0	0
Natural Gas	Heating Only	Non-Ducted Heat Pump	0	0	0	0	0	0	0	0	0	0	0	0	0	0	0	0	0	0	0	0	0	1	0	0	0
Natural Gas	Heating and Cooling	Non-Ducted Heat Pump	0	0	0	0	0	0	0	0	0	0	0	0	0	0	0	0	0	0	0	0	0	1	0	0	0
Natural Gas	None	Non-Ducted Heat Pump	0	0	0	0	0	0	0	0	0	0	0	0	0	0	0	0	0	0	0	0	0	1	0	0	0
Natural Gas	Cooling Only	Non-Ducted Heating	0	0	0	0	0	0	0	0.0627213	0.421429	0	0	0	0	0	0.171807	0.344043	0	0	0	0	0	0	824	3.72993e+06	0.000197031
Natural Gas	Heating Only	Non-Ducted Heating	0	0	0	0	0	0	0	0	0	0	0	0	0	0	0	0	0	0	0	0	1	0	318	3.17739e+06	0.0139843
Natural Gas	Heating and Cooling	Non-Ducted Heating	0	0	0	0	0	0	0	0	0	0	0	0	0	0	0	0	0	0	0	0	1	0	14	175495	0.000576745
Natural Gas	None	Non-Ducted Heating	0	0	0	0	0	0	0	0.0627213	0.421429	0	0	0	0	0	0.171807	0.344043	0	0	0	0	0	0	824	3.72993e+06	0.112988
Natural Gas	Cooling Only	None	0	0	0	0	0	0	0	0	0	0	0	0	0	0	0	0	0	0	0	0	0	1	0	0	0
Natural Gas	Heating Only	None	0	0	0	0	0	0	0	0	0	0	0	0	0	0	0	0	0	0	0	0	0	1	0	0	0
Natural Gas	Heating and Cooling	None	0	0	0	0	0	0	0	0	0	0	0	0	0	0	0	0	0	0	0	0	0	1	0	0	0
Natural Gas	None	None	0	0	0	0	0	0	0	0	0	0	0	0	0	0	0	0	0	0	0	0	0	1	0	0	0
None	Cooling Only	Ducted Heat Pump	0	0	0	0	0	0	0	0	0	0	0	0	0	0	0	0	0	0	0	0	0	1	0	0	0
None	Heating Only	Ducted Heat Pump	0	0	0	0	0	0	0	0	0	0	0	0	0	0	0	0	0	0	0	0	0	1	0	0	0
None	Heating and Cooling	Ducted Heat Pump	0	0	0	0	0	0	0	0	0	0	0	0	0	0	0	0	0	0	0	0	0	1	0	0	0
None	None	Ducted Heat Pump	0	0	0	0	0	0	0	0	0	0	0	0	0	0	0	0	0	0	0	0	0	1	0	0	0
None	Cooling Only	Ducted Heating	0	0	0	0	0	0	0	0	0	0	0	0	0	0	0	0	0	0	0	0	0	1	0	0	0
None	Heating Only	Ducted Heating	0	0	0	0	0	0	0	0	0	0	0	0	0	0	0	0	0	0	0	0	0	1	0	0	0
None	Heating and Cooling	Ducted Heating	0	0	0	0	0	0	0	0	0	0	0	0	0	0	0	0	0	0	0	0	0	1	0	0	0
None	None	Ducted Heating	0	0	0	0	0	0	0	0	0	0	0	0	0	0	0	0	0	0	0	0	0	1	0	0	0
None	Cooling Only	Non-Ducted Heat Pump	0	0	0	0	0	0	0	0	0	0	0	0	0	0	0	0	0	0	0	0	0	1	0	0	0
None	Heating Only	Non-Ducted Heat Pump	0	0	0	0	0	0	0	0	0	0	0	0	0	0	0	0	0	0	0	0	0	1	0	0	0
None	Heating and Cooling	Non-Ducted Heat Pump	0	0	0	0	0	0	0	0	0	0	0	0	0	0	0	0	0	0	0	0	0	1	0	0	0
None	None	Non-Ducted Heat Pump	0	0	0	0	0	0	0	0	0	0	0	0	0	0	0	0	0	0	0	0	0	1	0	0	0
None	Cooling Only	Non-Ducted Heating	0	0	0	0	0	0	0	0	0	0	0	0	0	0	0	0	0	0	0	0	0	1	0	0	0
None	Heating Only	Non-Ducted Heating	0	0	0	0	0	0	0	0	0	0	0	0	0	0	0	0	0	0	0	0	0	1	0	0	0
None	Heating and Cooling	Non-Ducted Heating	0	0	0	0	0	0	0	0	0	0	0	0	0	0	0	0	0	0	0	0	0	1	0	0	0
None	None	Non-Ducted Heating	0	0	0	0	0	0	0	0	0	0	0	0	0	0	0	0	0	0	0	0	0	1	0	0	0
None	Cooling Only	None	0	0	0	0	0	0	0	0	0	0	0	0	0	0	0	0	0	0	1	0	0	0	392	1.54035e+06	9.46127e-05
None	Heating Only	None	0	0	0	0	0	0	0	0	0	0	0	0	0	0	0	0	0	0	0	0	0	1	0	0	0
None	Heating and Cooling	None	0	0	0	0	0	0	0	0	0	0	0	0	0	0	0	0	0	0	0	0	0	1	0	0	0
None	None	None	0	0	0	0	0	0	0	0	0	0	0	0	0	0	0	0	0	0	1	0	0	0	392	1.54035e+06	0.00881104
Other Fuel	Cooling Only	Ducted Heat Pump	0	0	0	0	0	0	0	0	0	0	0	0	0	0	0	0	0	0	0	0	0	1	0	0	0
Other Fuel	Heating Only	Ducted Heat Pump	0	0	0	0	0	0	0	0	0	0	0	0	0	0	0	0	0	0	0	0	0	1	0	0	0
Other Fuel	Heating and Cooling	Ducted Heat Pump	0	0	0	0	0	0	0	0	0	0	0	0	0	0	0	0	0	0	0	0	0	1	0	0	0
Other Fuel	None	Ducted Heat Pump	0	0	0	0	0	0	0	0	0	0	0	0	0	0	0	0	0	0	0	0	0	1	0	0	0
Other Fuel	Cooling Only	Ducted Heating	0	0	0	0	0	0	0	0	0	0	0	0	0	0	0	0	0	0	0	1	0	0	45	164298	2.37568e-05
Other Fuel	Heating Only	Ducted Heating	0	0	0	0	0	0	0	0	0	0	0	0	0	0	0	0	0	0	0	0	1	0	3	32783.7	0.000356853
Other Fuel	Heating and Cooling	Ducted Heating	0	0	0	0	0	0	0	0	0	0	0	0	0	0	0	0	0	0	0	0	1	0	0	0	8.41392e-05
Other Fuel	None	Ducted Heating	0	0	0	0	0	0	0	0	0	0	0	0	0	0	0	0	0	0	0	1	0	0	45	164298	0.0191845
Other Fuel	Cooling Only	Non-Ducted Heat Pump	0	0	0	0	0	0	0	0	0	0	0	0	0	0	0	0	0	0	0	0	0	1	0	0	0
Other Fuel	Heating Only	Non-Ducted Heat Pump	0	0	0	0	0	0	0	0	0	0	0	0	0	0	0	0	0	0	0	0	0	1	0	0	0
Other Fuel	Heating and Cooling	Non-Ducted Heat Pump	0	0	0	0	0	0	0	0	0	0	0	0	0	0	0	0	0	0	0	0	0	1	0	0	0
Other Fuel	None	Non-Ducted Heat Pump	0	0	0	0	0	0	0	0	0	0	0	0	0	0	0	0	0	0	0	0	0	1	0	0	0
Other Fuel	Cooling Only	Non-Ducted Heating	0	0	0	0	0	0	0	0	0	0	0	0	0	0	0	0	0	0	0	1	0	0	312	1.5482e+06	3.24051e-06
Other Fuel	Heating Only	Non-Ducted Heating	0	0	0	0	0	0	0	0	0	0	0	0	0	0	0	0	0	0	0	0	1	0	25	262017	0.000343353
Other Fuel	Heating and Cooling	Non-Ducted Heating	0	0	0	0	0	0	0	0	0	0	0	0	0	0	0	0	0	0	0	0	1	0	1	20120.9	1.40507e-05
Other Fuel	None	Non-Ducted Heating	0	0	0	0	0	0	0	0	0	0	0	0	0	0	0	0	0	0	0	1	0	0	312	1.5482e+06	0.00693811
Other Fuel	Cooling Only	None	0	0	0	0	0	0	0	0	0	0	0	0	0	0	0	0	0	0	0	0	0	1	0	0	0
Other Fuel	Heating Only	None	0	0	0	0	0	0	0	0	0	0	0	0	0	0	0	0	0	0	0	0	0	1	0	0	0
Other Fuel	Heating and Cooling	None	0	0	0	0	0	0	0	0	0	0	0	0	0	0	0	0	0	0	0	0	0	1	0	0	0
Other Fuel	None	None	0	0	0	0	0	0	0	0	0	0	0	0	0	0	0	0	0	0	0	0	0	1	0	0	0
Propane	Cooling Only	Ducted Heat Pump	0	0	0	0	0	0	0	0	0	0	0	0	0	0	0	0	0	0	0	0	0	1	0	0	0
Propane	Heating Only	Ducted Heat Pump	0	0	0	0	0	0	0	0	0	0	0	0	0	0	0	0	0	0	0	0	0	1	0	0	0
Propane	Heating and Cooling	Ducted Heat Pump	0	0	0	0	0	0	0	0	0	0	0	0	0	0	0	0	0	0	0	0	0	1	0	0	0
Propane	None	Ducted Heat Pump	0	0	0	0	0	0	0	0	0	0	0	0	0	0	0	0	0	0	0	0	0	1	0	0	0
Propane	Cooling Only	Ducted Heating	0	0	0	0	0	0	0	0	0	0	0.00501504	0.0658794	0.626053	0.303052	0	0	0	0	0	0	0	0	352	1.9653e+06	4.07722e-05
Propane	Heating Only	Ducted Heating	0	0	0	0	0	0	0	0	0	0	0	0	0	0	0	0	0	0	0	0	1	0	4	35509.6	0.000422827
Propane	Heating and Cooling	Ducted Heating	0	0	0	0	0	0	0	0	0	0	0	0	0	0	0	0	0	0	0	0	1	0	2	24225.1	0.000133451
Propane	None	Ducted Heating	0	0	0	0	0	0	0	0	0	0	0.00501504	0.0658794	0.626053	0.303052	0	0	0	0	0	0	0	0	352	1.9653e+06	0.0373191
Propane	Cooling Only	Non-Ducted Heat Pump	0	0	0	0	0	0	0	0	0	0	0	0	0	0	0	0	0	0	0	0	0	1	0	0	0
Propane	Heating Only	Non-Ducted Heat Pump	0	0	0	0	0	0	0	0	0	0	0	0	0	0	0	0	0	0	0	0	0	1	0	0	0
Propane	Heating and Cooling	Non-Ducted Heat Pump	0	0	0	0	0	0	0	0	0	0	0	0	0	0	0	0	0	0	0	0	0	1	0	0	0
Propane	None	Non-Ducted Heat Pump	0	0	0	0	0	0	0	0	0	0	0	0	0	0	0	0	0	0	0	0	0	1	0	0	0
Propane	Cooling Only	Non-Ducted Heating	0	0	0	0	0	0	0	0.0045904	0.139942	0.0594591	0	0	0	0	0.249112	0.546897	0	0	0	0	0	0	117	710062	6.17128e-06
Propane	Heating Only	Non-Ducted Heating	0	0	0	0	0	0	0	0	0	0	0	0	0	0	0	0	0	0	0	0	1	0	9	139363	0.000439161
Propane	Heating and Cooling	Non-Ducted Heating	0	0	0	0	0	0	0	0	0	0	0	0	0	0	0	0	0	0	0	0	1	0	3	37542	1.8891e-05
Propane	None	Non-Ducted Heating	0	0	0	0	0	0	0	0.0045904	0.139942	0.0594591	0	0	0	0	0.249112	0.546897	0	0	0	0	0	0	117	710062	0.0121389
Propane	Cooling Only	None	0	0	0	0	0	0	0	0	0	0	0	0	0	0	0	0	0	0	0	0	0	1	0	0	0
Propane	Heating Only	None	0	0	0	0	0	0	0	0	0	0	0	0	0	0	0	0	0	0	0	0	0	1	0	0	0
Propane	Heating and Cooling	None	0	0	0	0	0	0	0	0	0	0	0	0	0	0	0	0	0	0	0	0	0	1	0	0	0
Propane	None	None	0	0	0	0	0	0	0	0	0	0	0	0	0	0	0	0	0	0	0	0	0	1	0	0	0
# Created by: sources\recs\recs2009\tsv_maker.py
# Source: The sample counts and sample weights are constructed using U.S. EIA 2009 Residential Energy Consumption Survey (RECS) microdata.
# Source: Shipment data based on CAC-ASHP-shipments-table.tsv and furnace-shipments-table.tsv
# Source: Efficiency data based on expanded_HESC_HVAC_efficiencies.tsv combined with age of equipment data from RECS
# Assumption: Check the assumptions on the source tsv files.
# Assumption: If a house has a wall furnace with fuel other than natural_gas, efficiency level based on natural_gas from expanded_HESC_HVAC_efficiencies.tsv is assigned.
# Assumption: If a house has a heat pump with fuel other than electricity (presumed dual-fuel heat pump), the heating type is assumed to be furnace and not heat pump.
# Assumption: The shipment volume for boiler was not available, so shipment volume for furnace in furnace-shipments-table.tsv was used instead.
# Assumption: Due to low sample size for some categories, the HVAC Has Shared System categories 'Cooling Only' and 'None' are combined for the purpose of querying Heating Efficiency distributions.
# Assumption: For 'other' heating system types, we assign them to Electric Baseboard if fuel is Electric, and assign them to Wall/Floor Furnace if fuel is natural_gas, fuel_oil or propane.