Dependency=HVAC Heating Efficiency	Dependency=HVAC System Is Faulted	Option=154.8 cfm/ton	Option=204.4 cfm/ton	Option=254.0 cfm/ton	Option=303.5 cfm/ton	Option=353.1 cfm/ton	Option=402.7 cfm/ton	Option=452.3 cfm/ton	Option=501.9 cfm/ton	Option=551.5 cfm/ton	Option=601.0 cfm/ton	Option=650.6 cfm/ton	Option=700.2 cfm/ton	Option=None	sampling_probability
ASHP, SEER 10, 6.2 HSPF	Yes	0.025424	0.087571	0.144068	0.211864	0.183616	0.152542	0.09887	0.059322	0.014124	0.008475	0.011299	0.002825	0	0
ASHP, SEER 13, 7.7 HSPF	Yes	0.025424	0.087571	0.144068	0.211864	0.183616	0.152542	0.09887	0.059322	0.014124	0.008475	0.011299	0.002825	0	0
ASHP, SEER 15, 8.5 HSPF	Yes	0	0	0	0	0	0	0	0	0	0	0	0	1	0
Electric Baseboard, 100% Efficiency	Yes	0	0	0	0	0	0	0	0	0	0	0	0	1	0
Electric Boiler, 100% AFUE	Yes	0	0	0	0	0	0	0	0	0	0	0	0	1	0
Electric Furnace, 100% AFUE	Yes	0	0	0	0	0	0	0	0	0	0	0	0	1	0
Electric Wall Furnace, 100% AFUE	Yes	0	0	0	0	0	0	0	0	0	0	0	0	1	0
Fuel Boiler, 76% AFUE	Yes	0	0	0	0	0	0	0	0	0	0	0	0	1	0
Fuel Boiler, 80% AFUE	Yes	0	0	0	0	0	0	0	0	0	0	0	0	1	0
Fuel Boiler, 90% AFUE	Yes	0	0	0	0	0	0	0	0	0	0	0	0	1	0
Fuel Furnace, 60% AFUE	Yes	0	0	0	0	0	0	0	0	0	0	0	0	1	0
Fuel Furnace, 76% AFUE	Yes	0	0	0	0	0	0	0	0	0	0	0	0	1	0
Fuel Furnace, 80% AFUE	Yes	0	0	0	0	0	0	0	0	0	0	0	0	1	0
Fuel Furnace, 92.5% AFUE	Yes	0	0	0	0	0	0	0	0	0	0	0	0	1	0
Fuel Wall/Floor Furnace, 60% AFUE	Yes	0	0	0	0	0	0	0	0	0	0	0	0	1	0
Fuel Wall/Floor Furnace, 68% AFUE	Yes	0	0	0	0	0	0	0	0	0	0	0	0	1	0
MSHP, SEER 14.5, 8.2 HSPF	Yes	0	0	0	0	0	0	0	0	0	0	0	0	1	0
MSHP, SEER 29.3, 14 HSPF	Yes	0	0	0	0	0	0	0	0	0	0	0	0	1	0
None	Yes	0	0	0	0	0	0	0	0	0	0	0	0	1	0
Other	Yes	0	0	0	0	0	0	0	0	0	0	0	0	1	0
Shared Heating	Yes	0	0	0	0	0	0	0	0	0	0	0	0	1	0
Void	Yes	0	0	0	0	0	0	0	0	0	0	0	0	1	0
ASHP, SEER 10, 6.2 HSPF	No	0	0	0	0	0	0	0	0	0	0	0	0	1	0.00802377
ASHP, SEER 13, 7.7 HSPF	No	0	0	0	0	0	0	0	0	0	0	0	0	1	0.0817202
ASHP, SEER 15, 8.5 HSPF	No	0	0	0	0	0	0	0	0	0	0	0	0	1	0.0209303
Electric Baseboard, 100% Efficiency	No	0	0	0	0	0	0	0	0	0	0	0	0	1	0.0759652
Electric Boiler, 100% AFUE	No	0	0	0	0	0	0	0	0	0	0	0	0	1	0.00129216
Electric Furnace, 100% AFUE	No	0	0	0	0	0	0	0	0	0	0	0	0	1	0.176087
Electric Wall Furnace, 100% AFUE	No	0	0	0	0	0	0	0	0	0	0	0	0	1	0.00154643
Fuel Boiler, 76% AFUE	No	0	0	0	0	0	0	0	0	0	0	0	0	1	0.00753716
Fuel Boiler, 80% AFUE	No	0	0	0	0	0	0	0	0	0	0	0	0	1	0.0584173
Fuel Boiler, 90% AFUE	No	0	0	0	0	0	0	0	0	0	0	0	0	1	0.00448957
Fuel Furnace, 60% AFUE	No	0	0	0	0	0	0	0	0	0	0	0	0	1	0.00377601
Fuel Furnace, 76% AFUE	No	0	0	0	0	0	0	0	0	0	0	0	0	1	0.0325577
Fuel Furnace, 80% AFUE	No	0	0	0	0	0	0	0	0	0	0	0	0	1	0.247902
Fuel Furnace, 92.5% AFUE	No	0	0	0	0	0	0	0	0	0	0	0	0	1	0.108633
Fuel Wall/Floor Furnace, 60% AFUE	No	0	0	0	0	0	0	0	0	0	0	0	0	1	0.0229171
Fuel Wall/Floor Furnace, 68% AFUE	No	0	0	0	0	0	0	0	0	0	0	0	0	1	0.046444
MSHP, SEER 14.5, 8.2 HSPF	No	0	0	0	0	0	0	0	0	0	0	0	0	1	0
MSHP, SEER 29.3, 14 HSPF	No	0	0	0	0	0	0	0	0	0	0	0	0	1	0
None	No	0	0	0	0	0	0	0	0	0	0	0	0	1	0.00890565
Other	No	0	0	0	0	0	0	0	0	0	0	0	0	1	0.0261496
Shared Heating	No	0	0	0	0	0	0	0	0	0	0	0	0	1	0.0667058
Void	No	0	0	0	0	0	0	0	0	0	0	0	0	1	0
# Created by: manually created
# Source: Winkler et al. 'Impact of installation faults in air conditioners and heat pumps in single-family homes on US energy usage' 2020