Parameter,Number of options,Number of dependencies,Created by,Source,Assumption
AHS Region,24.0,1.0,sources\spatial\tsv_maker.py,"Spatial definitions are from the U.S. Census Bureau as of July 1, 2015.; Unit counts are from the American Community Survey 5-yr 2016.; Core Based Statistical Area (CBSA) data based on the Feb 2013 CBSA delineation file.",
ASHRAE IECC Climate Zone 2004,15.0,0.0,sources\spatial\tsv_maker.py,"Spatial definitions are from the U.S. Census Bureau as of July 1, 2015.; Unit counts are from the American Community Survey 5-yr 2016.; Climate zone data are from ASHRAE 169 2006, IECC 2012, and M.C. Baechler 2015.",
ASHRAE IECC Climate Zone 2004 - 2A Split,16.0,1.0,sources\spatial\tsv_maker.py,"Spatial definitions are from the U.S. Census Bureau as of July 1, 2015.; Unit counts are from the American Community Survey 5-yr 2016.; Climate zone data are from ASHRAE 169 2006, IECC 2012, and M.C. Baechler 2015.",This characteristic is used to better represent HVAC types in the 2A climate zone.
Bathroom Spot Vent Hour,24.0,0.0,,Same as occupancy schedule from Wilson et al. 'Building America House Simulation Protocols' 2014,
Bedrooms,5.0,2.0,sources\ahs\ahs2017_2019\tsv_maker.py,2017 and 2019 American Housing Survey (AHS) microdata.; Building type categorization based on U.S. EIA 2009 Residential Energy Consumption Survey (RECS).,More than 5 bedrooms are labeled as 5 bedrooms and 0 bedrooms are labeled as 1 bedroom; Limit 0-499 sqft dwelling units to only 1 or 2 bedrooms. The geometry measure has a limit of (ffa-120)/70 >= bedrooms.
Building America Climate Zone,7.0,1.0,sources\spatial\tsv_maker.py,"Unit counts are from the American Community Survey 5-yr 2016.; Spatial definitions are from U.S. Census 2010.; Climate zone data are from ASHRAE 169 2006, IECC 2012, and M.C. Baechler 2015.",
CEC Climate Zone,17.0,1.0,sources\spatial\tsv_maker.py,"Spatial definitions are from the U.S. Census Bureau as of July 1, 2015.; Zip code definitions are from the end of Q2 2020; The climate zone to zip codes in California is from the California Energy Commission Website.",CEC Climate zones are defined by Zip Codes. The dependency selected is County and PUMA as zip codes are not modeled in ResStock. The mapping between Census Tracts and Zip Codes are approximate and some discrepancies may exist.
Ceiling Fan,3.0,1.0,,"Wilson et al. 'Building America House Simulation Protocols' 2014, national average used as saturation",If the unit is vacant there is no ceiling fan energy
Census Division,9.0,1.0,sources\spatial\tsv_maker.py,"Spatial definitions are from the U.S. Census Bureau as of July 1, 2015.; Unit counts are from the American Community Survey 5-yr 2016.",
Census Division RECS,10.0,1.0,sources\spatial\tsv_maker.py,"Spatial definitions are from the U.S. Census Bureau as of July 1, 2015.; Unit counts are from the American Community Survey 5-yr 2016.; U.S. EIA 2015 Residential Energy Consumption Survey (RECS) codebook.",
Census Region,4.0,1.0,sources\spatial\tsv_maker.py,"Spatial definitions are from the U.S. Census Bureau as of July 1, 2015.; Unit counts are from the American Community Survey 5-yr 2016.",
City,1101.0,1.0,sources\spatial\tsv_maker.py,"Spatial definitions are from the U.S. Census Bureau as of July 1, 2015.; Cities are defined by Census blocks by their Census Place in the 2010 Census.; Unit counts are from the American Community Survey 5-yr 2016.","2020 Deccenial Redistricting data was used to map tract level unit counts to census blocks.; 1,099 cities are tagged in ResStock, but there are over 29,000 Places in the Census data.; The threshold for including a Census Place in the City.tsv is 15,000 dwelling units.; The value 'In another census Place' designates the fraction of dwelling units in a Census Place with fewer total dwelling units than the threshold.; The value 'Not in a census Place' designates the fraction of dwelling units not in a Census Place according to the 2010 Census."
Clothes Dryer,10.0,5.0,sources\ahs\2017\tsv_maker.py,2017 American Housing Survey (AHS) microdata.; Core Based Statistical Area (CBSA) data based on the Feb 2013 CBSA delineation file.,
Clothes Washer,7.0,2.0,,U.S. EIA 2009 Residential Energy Consumption Survey (RECS) microdata.,
Clothes Washer Presence,2.0,3.0,sources\ahs\ahs2017_2019\tsv_maker.py,2017 and 2019 American Housing Survey (AHS) microdata.; Core Based Statistical Area (CBSA) data based on the Feb 2013 CBSA delineation file.,
Cooking Range,10.0,3.0,,(fuel type) RECS 2009; (usage) engineering judgement,
Cooling Setpoint,11.0,3.0,https://github.com/NREL/resstock-estimation/blob/tsp_updates/sources/recs/2009/Setback%20Distributions.ipynb,U.S. EIA 2009 Residential Energy Consumption Survey (RECS) microdata.,RECS data is queried from two building type groups; Dependencies with sample sizes < 10 used the combined data for both multifamily and single-family homes
Cooling Setpoint Has Offset,2.0,2.0,https://github.com/NREL/resstock-estimation/blob/tsp_updates/sources/recs/2009/Setback%20Distributions.ipynb,U.S. EIA 2009 Residential Energy Consumption Survey (RECS) microdata.,RECS data is queried from two building type groups; Dependencies with sample sizes < 10 used the combined data for both multifamily and single-family homes
Cooling Setpoint Offset Magnitude,4.0,3.0,https://github.com/NREL/resstock-estimation/blob/tsp_updates/sources/recs/2009/Setback%20Distributions.ipynb,U.S. EIA 2009 Residential Energy Consumption Survey (RECS) microdata.,RECS data is queried from two building type groups; Dependencies with sample sizes < 10 used the combined data for both multifamily and single-family homes
Cooling Setpoint Offset Period,56.0,3.0,https://github.com/NREL/resstock-estimation/blob/tsp_updates/sources/recs/2009/Setback%20Distributions.ipynb,U.S. EIA 2009 Residential Energy Consumption Survey (RECS) microdata.,RECS data is queried from two building type groups; Dependencies with sample sizes < 10 used the combined data for both multifamily and single-family homes
Corridor,5.0,1.0,,Engineering Judgment,
County,3108.0,1.0,sources\spatial\tsv_maker.py,"Spatial definitions are from the U.S. Census Bureau as of July 1, 2015.; Unit counts are from the American Community Survey 5-yr 2016.",
County and PUMA,4503.0,1.0,sources\spatial\tsv_maker.py,"Spatial definitions are from the U.S. Census Bureau as of July 1, 2015.; Unit counts are from the American Community Survey 5-yr 2016.",
Dehumidifier,1.0,0.0,,Not applicable (dehumidifiers are not explicitly modeled separate from plug loads),
Dishwasher,7.0,3.0,sources\recs\recs2009\tsv_maker.py,U.S. EIA 2009 Residential Energy Consumption Survey (RECS) microdata.,
Door Area,1.0,0.0,,Engineering Judgement,
Doors,1.0,0.0,,Engineering Judgement,
Ducts,14.0,4.0,,"IECC 2009; Lucas and Cole, 'Impacts of the 2009 IECC for Residential Buildings at State Level', 2009; Wilson et al., 'Building America House Simulation Protocols', 2014",
Electric Vehicle,3.0,0.0,,Not applicable (electric vehicle charging is not currently modeled separate from plug loads),
Federal Poverty Level,6.0,2.0,sources\pums\pums2019_5yrs\tsv_maker.py,"% FPL calculated using annual household income in 2019USD (continuous, not binned) from 2019-5yrs PUMS data and 2019 Federal Poverty Lines for contiguous US, where the FPL threshold for 1-occupant household is $12490 and $4420 for every additional person in the household.",
Generation And Emissions Assessment Region,20.0,1.0,sources\spatial\tsv_maker.py,"Pieter Gagnon, Will Frazier, Wesley Cole, and Elaine Hale. 2021. Cambium Documentation",
Geometry Attic Type,4.0,2.0,sources\recs\2009\tsv_maker.py (manually modified by Joe Robertson),Not Applicable,Mobile Homes have an unfinished attic because mobile homes are modeled as single-family detached homes.; Single-Family Attached and Single-Family Attached homes with no attic are modeled with an attic. The measures are not able to model homes without an attic.; Impossible dependency combinations are set to None.
Geometry Building Horizontal Location MF,5.0,2.0,sources\recs\recs2009\tsv_maker.py,Calculated directly from other distributions,All values are calculated assuming the building has double-loaded corridors (with some exceptions like 3 units in single-story building).
Geometry Building Horizontal Location SFA,4.0,1.0,,Calculated directly from other distributions,
Geometry Building Level MF,4.0,2.0,sources\recs\recs2009\tsv_maker.py,Calculated directly from other distributions,"Calculated using the number of stories, where buildings >=2 stories have Top and Bottom probabilities = 1/Geometry Stories, and Middle probabilities = 1 - 2/Geometry stories"
Geometry Building Number Units MF,28.0,2.0,sources\recs\2009\tsv_maker.py,U.S. EIA 2009 Residential Energy Consumption Survey (RECS) microdata.,"Uses NUMAPTS field in RECS; RECS does not report NUMAPTS for Multifamily 2-4 units, so assumptions are made based on the number of stories; Data was sampled from the following bins of Geometry Stories"
Geometry Building Number Units SFA,21.0,1.0,,U.S. EIA 2009 Residential Energy Consumption Survey (RECS) microdata.,
Geometry Building Type ACS,9.0,1.0,sources\pums\pums2019_5yrs\tsv_maker.py,"2019-5yrs Public Use Microdata Samples (PUMS). IPUMS USA, University of Minnesota, www.ipums.org.",
Geometry Building Type Height,7.0,2.0,sources\recs\recs2009\tsv_maker.py,Calculated directly from other distributions,
Geometry Building Type RECS,5.0,1.0,sources\pums\pums2019_5yrs\tsv_maker.py,"2019-5yrs Public Use Microdata Samples (PUMS). IPUMS USA, University of Minnesota, www.ipums.org.",
Geometry Floor Area,9.0,6.0,sources\ahs\ahs2017_2019\tsv_maker.py,2017 and 2019 American Housing Survey (AHS) microdata.,"Due to low sample count, the tsv is constructed by downscaling a core sub-tsv with 3 sub-tsvs of different dependencies. The sub-tsvs have the following dependencies"
Geometry Floor Area Bin,4.0,1.0,sources\recs\recs2009\tsv_maker.py,The sample counts and sample weights are constructed using U.S. EIA 2009 Residential Energy Consumption Survey (RECS) microdata.; Geometry Floor Area bins are from the UNITSIZE field of the 2017 American Housing Survey (AHS).,
Geometry Foundation Type,6.0,3.0,sources\recs\2009\tsv_maker.py (manually modified by Joe Robertson),The sample counts and sample weights are constructed using U.S. EIA 2009 Residential Energy Consumption Survey (RECS) microdata.,"All mobile homes have Ambient foundations.; Multi-family buildings cannot have Ambient and Heated Basements; Single-family attached buildings cannot have Ambient foundations; Foundation types are the same for each building type except mobile homes and the applicable options.; Because we need to assume a foundation type for ground-floor MF units, we use the lumped SFD+SFA distributions for MF2-4 and MF5+ building foundations. (RECS data for households in MF2-4 unit buildings are not useful since we do not know which floor the unitis on. RECS does not include foundation responses for households in MF5+ unit buildings.); For SFD and SFA, if no foundation type specified, then sample has Ambient foundation."
Geometry Garage,4.0,5.0,sources\recs\2009\tsv_maker.py (manually modified by Joe Robertson),U.S. EIA 2009 Residential Energy Consumption Survey (RECS) microdata.,"All mobile homes and multi-family units do not have an attached garage.; All units with Ambient foundations do not have an attached garage.; Vented Crawlspace, Unvented Crawlspace, Heated basement, Slab, and Unheated basement foundation type samples are lumped together due to low sample counts."
Geometry Stories,17.0,3.0,sources\recs\recs2009\tsv_maker.py,U.S. EIA 2009 Residential Energy Consumption Survey (RECS) microdata.,"All mobile homes are 1 story.; Single-Family Detached and Single-Family Attached use the STORIES field in RECS, whereas Multifamily with 5+ units uses the NUMFLRS field.; Building types 2 Unit and 3 or 4 Unit use the stories distribution of Multifamily 5 to 9 Unit (capped at 4 stories) because RECS does not report stories or floors for multifamily with 2-4 units.; The dependency on floor area bins is removed for multifamily with 5+ units.; Vintage ACS rows for the 2010s are copied from the 2000-09 rows."
Geometry Stories Low Rise,4.0,1.0,sources\recs\recs2009\tsv_maker.py,Calculated directly from other distributions,
Geometry Story Bin,2.0,1.0,sources\recs\recs2009\tsv_maker.py,U.S. EIA 2009 Residential Energy Consumption Survey (RECS) microdata.,
Geometry Wall Exterior Finish,11.0,3.0,sources\lightbox\residential\tsv_maker.py,HIFLD Parcel data.,Rows where sample size < 10 are replaced with aggregated values down-scaled from dep='State' to dep='Census Division RECS'
Geometry Wall Type,5.0,4.0,sources\lightbox\residential\tsv_maker.py,HIFLD Parcel data.,Rows where sample size < 10 are replaced with aggregated values down-scaled from dep='State' to dep='Census Division RECS'
HVAC Cooling Efficiency,11.0,3.0,sources\recs\2009\tsv_maker.py,"The sample counts and sample weights are constructed using U.S. EIA 2009 Residential Energy Consumption Survey (RECS) microdata.; Efficiency data based on CAC-ASHP-shipments-table.tsv, room_AC_efficiency_vs_age.tsv and expanded_HESC_HVAC_efficiencies.tsv combined with age of equipment data from RECS",Check the assumptions on the source tsv files.
HVAC Cooling Type,4.0,4.0,sources\recs\recs2009\tsv_maker.py,The sample counts and sample weights are constructed using U.S. EIA 2009 Residential Energy Consumption Survey (RECS) microdata.,"If a sample has both Central AC and Room AC, we assume it has Central AC only; If a sample indicates using a heat pump for AC but does not indicate using a heat pump for heating, then we either assign it a heat pump for heating (if electric heating was indicated), or we asssign it Central AC (if non-electric heating was indicated).; Due to low sample sizes for some Heating Types, Heating Type data for Non-Ducted Heating and None is grouped.; Due to low sample sizes for some Building Types, Building Type data are grouped into; Due to low sample sizes for some Vintages, Vintage ACS (20-year bins) is used instead of the typical 10-year bins used for RECS data."
HVAC Has Ducts,2.0,2.0,sources\recs\recs2009\tsv_maker.py,The sample counts and sample weights are constructed using U.S. EIA 2009 Residential Energy Consumption Survey (RECS) microdata.,
HVAC Has Shared System,4.0,4.0,sources\recs\2009\tsv_maker.py,The sample counts and sample weights are constructed using U.S. EIA 2009 Residential Energy Consumption Survey (RECS) microdata.,"Due to low sample sizes for some Heating Types, Heating Type data is queried from two groups:1) Ducted Heating and Ducted Heat Pump and 2) Non-Ducted Heating and Non-Ducted Heat Pump and None; Due to low sample sizes for some Cooling Types, Cooling Type data is queried from two groups:1) Central AC and Heat Pump and 2) Room AC and None"
HVAC Heating Efficiency,22.0,3.0,sources\recs\recs2009\tsv_maker.py,The sample counts and sample weights are constructed using U.S. EIA 2009 Residential Energy Consumption Survey (RECS) microdata.; Shipment data based on CAC-ASHP-shipments-table.tsv and furnace-shipments-table.tsv; Efficiency data based on expanded_HESC_HVAC_efficiencies.tsv combined with age of equipment data from RECS,"Check the assumptions on the source tsv files.; If a house has a wall furnace with fuel other than natural_gas, efficiency level based on natural_gas from expanded_HESC_HVAC_efficiencies.tsv is assigned.; If a house has a heat pump with fuel other than electricity (presumed dual-fuel heat pump), the heating type is assumed to be furnace and not heat pump.; The shipment volume for boiler was not available, so shipment volume for furnace in furnace-shipments-table.tsv was used instead.; Due to low sample size for some categories, the HVAC Has Shared System categories 'Cooling Only' and 'None' are combined for the purpose of querying Heating Efficiency distributions.; For 'other' heating system types, we assign them to Electric Baseboard if fuel is Electric, and assign them to Wall/Floor Furnace if fuel is natural_gas, fuel_oil or propane."
HVAC Heating Type,5.0,3.0,sources\recs\recs2009\tsv_maker.py,U.S. EIA 2009 Residential Energy Consumption Survey (RECS) microdata.,"There are no mini-split heat pumps in RECS 2009; Due to low sample sizes for some heating fuel types, heating fuel data is queried from three groups:1) Electricity, 2) None, and 3) Natural Gas, Propane, Fuel Oil, and Other Fuel Data.; Assume indicated non-heat pump electric heating is a heat pump when respondents say their AC is a heat pump."
HVAC Heating Type And Fuel,25.0,2.0,sources\recs\recs2009\tsv_maker.py,Calculated directly from other distributions,
HVAC Secondary Heating Efficiency,1.0,0.0,,n/a,
HVAC Secondary Heating Type And Fuel,1.0,0.0,,n/a,
HVAC Shared Efficiencies,10.0,2.0,sources\recs\2009\tsv_maker.py,The sample counts and sample weights are constructed using U.S. EIA 2009 Residential Energy Consumption Survey (RECS) microdata.,Assume that all Heating and Cooling shared systems are fan coils in each dwelling unit served by a central chiller and boiler.; Assume all Heating Only shared systems are hot water baseboards in each dwelling unit served by a central boiler.; Assume all Cooling Only shared systems are fan coils in each dwelling unit served by a central chiller.
HVAC System Is Faulted,2.0,0.0,manually created,Assuming no faults until we have data necessary to characterize all types of ACs and heat pumps (https://github.com/NREL/resstock/issues/733).,
HVAC System Single Speed AC Airflow,13.0,2.0,manually created,Winkler et al. 'Impact of installation faults in air conditioners and heat pumps in single-family homes on US energy usage' 2020,
HVAC System Single Speed AC Charge,8.0,2.0,manually created,Winkler et al. 'Impact of installation faults in air conditioners and heat pumps in single-family homes on US energy usage' 2020,
HVAC System Single Speed ASHP Airflow,13.0,2.0,manually created,Winkler et al. 'Impact of installation faults in air conditioners and heat pumps in single-family homes on US energy usage' 2020,
HVAC System Single Speed ASHP Charge,8.0,2.0,manually created,Winkler et al. 'Impact of installation faults in air conditioners and heat pumps in single-family homes on US energy usage' 2020,
Has PV,2.0,3.0,sources\dpv\tsv_maker.py,"ACS population and RiDER data on PV installation that combines LBNL's 2020 Tracking the Sun and Wood Mackenzie's 2020 Q4 PV report (prepared by Nicholas.Willems@nrel.gov on Jun 22, 2021)","Imposed an upperbound of 14 kWDC, which contains 95pct of all installations. Counties with source_count<10 are backfilled with aggregates at the State level. Distribution based on all installations is applied only to occupied SFD, actual distribution for SFD may be higher."
Heating Fuel,6.0,3.0,sources\pums\pums2019_5yrs\tsv_maker.py,"2019-5yrs Public Use Microdata Samples (PUMS). IPUMS USA, University of Minnesota, www.ipums.org.","In ACS, Heating Fuel is reported for occupied units only. By excluding Vacancy Status as adependency, we assume vacant units share the same Heating Fuel distribution as occupied units. Where sample counts are less than 10, the State average distribution has been inserted. Prior to insertion, the following adjustments have been made to the state distribution so all rows have sample count > 10"
Heating Setpoint,12.0,4.0,https://github.com/NREL/resstock-estimation/blob/tsp_updates/sources/recs/2009/Setback%20Distributions.ipynb,U.S. EIA 2009 Residential Energy Consumption Survey (RECS) microdata.,RECS data is queried from two building type groups; Dependencies with sample sizes < 10 used the combined data for both multifamily and single-family homes; Vacant units have a heating setpoint of 55 F to ensure the pipes do not freeze
Heating Setpoint Has Offset,2.0,3.0,https://github.com/NREL/resstock-estimation/blob/tsp_updates/sources/recs/2009/Setback%20Distributions.ipynb,U.S. EIA 2009 Residential Energy Consumption Survey (RECS) microdata.,RECS data is queried from two building type groups; Dependencies with sample sizes < 10 used the combined data for both multifamily and single-family homes
Heating Setpoint Offset Magnitude,4.0,4.0,https://github.com/NREL/resstock-estimation/blob/tsp_updates/sources/recs/2009/Setback%20Distributions.ipynb,U.S. EIA 2009 Residential Energy Consumption Survey (RECS) microdata.,RECS data is queried from two building type groups; Dependencies with sample sizes < 10 used the combined data for both multifamily and single-family homes
Heating Setpoint Offset Period,34.0,4.0,https://github.com/NREL/resstock-estimation/blob/tsp_updates/sources/recs/2009/Setback%20Distributions.ipynb,U.S. EIA 2009 Residential Energy Consumption Survey (RECS) microdata.,RECS data is queried from two building type groups; Dependencies with sample sizes < 10 used the combined data for both multifamily and single-family homes
Holiday Lighting,1.0,0.0,,Not applicable (holiday lighting is not currently modeled separate from other exterior lighting),
Hot Water Distribution,1.0,0.0,,Engineering Judgement,
Hot Water Fixtures,3.0,1.0,,Engineering Judgement,
ISO RTO Region,8.0,1.0,sources\spatial\tsv_maker.py,"Spatial definitions are from the U.S. Census Bureau as of July 1, 2015.; Unit counts are from the American Community Survey 5-yr 2016.; ISO and RTO regions are from EIA Form 861.",
Income,19.0,4.0,sources\pums\pums2019_5yrs\tsv_maker.py,"2019-5yrs Public Use Microdata Samples (PUMS). IPUMS USA, University of Minnesota, www.ipums.org.","In ACS, Income and Tenure are reported for occupied units only. Because we assume vacant units share the same Tenure distribution as occupied units, by extension, we assume this Income distribution applies to all units regardless of Vacancy Status. For reference, 57445 / 140160 rows have sampling_probability >= 1/550000. Of those rows, 2961 (5%) were replaced due to low samples in the following process"
Income RECS2015,8.0,1.0,sources\pums\pums2019_5yrs\tsv_maker.py,"2019-5yrs Public Use Microdata Samples (PUMS). IPUMS USA, University of Minnesota, www.ipums.org.",Income bins per RECS 2015
Income RECS2020,6.0,1.0,sources\pums\pums2019_5yrs\tsv_maker.py,"2019-5yrs Public Use Microdata Samples (PUMS). IPUMS USA, University of Minnesota, www.ipums.org.",Consolidated income bins per RECS 2020
Infiltration,15.0,3.0,sources\resdb\tsv_maker.py,"Distributions are based on the cumulative distribution functions from the Residential Diagnostics Database (ResDB), http://resdb.lbl.gov/.",All ACH50 are based on Single-Family Detached blower door tests.; Climate zones that are copied; Vintage bins that are copied; Homes are assumed to not be Weatherization Assistance Program (WAP) qualified and not ENERGY STAR certified.
Insulation Ceiling,8.0,3.0,,"NEEA Residential Building Stock Assessment, 2012; Nettleton, G.; Edwards, J. (2012). Data Collection-Data Characterization Summary, NorthernSTAR Building America Partnership, Building Technologies Program. Washington, D.C.; Derived from Home Innovation Research Labs 1982-2007 Data",
Insulation Floor,5.0,4.0,,Derived from Home Innovation Research Labs 1982-2007 Data; (pre-1980) Engineering judgment,
Insulation Foundation Wall,5.0,4.0,,Derived from Home Innovation Research Labs 1982-2007 Data; (pre-1980) Engineering judgment,
Insulation Roof,8.0,1.0,,"Derived from Home Innovation Research Labs 1982-2007 Data; NEEA Residential Building Stock Assessment, 2012",
Insulation Slab,8.0,4.0,,Derived from Home Innovation Research Labs 1982-2007 Data; (pre-1980) Engineering judgment,
Insulation Wall,16.0,3.0,,"Ritschard et al. Single-Family Heating and Cooling Requirements; Nettleton, G.; Edwards, J. (2012). Data Collection-Data Characterization Summary, NorthernSTAR Building America Partnership, Building Technologies Program. Washington, D.C.; Ritschard et al. Single-Family Heating and Cooling Requirements; Nettleton, G.; Edwards, J. (2012). Data Collection-Data Characterization Summary, NorthernSTAR Building America Partnership, Building Technologies Program. Washington, D.C.; Ritschard et al. Single-Family Heating and Cooling Requirements; Nettleton, G.; Edwards, J. (2012). Data Collection-Data Characterization Summary, NorthernSTAR Building America Partnership, Building Technologies Program. Washington, D.C.; Ritschard et al. Single-Family Heating and Cooling Requirements; Nettleton, G.; Edwards, J. (2012). Data Collection-Data Characterization Summary, NorthernSTAR Building America Partnership, Building Technologies Program. Washington, D.C.","Updated per new wall type from Lightbox, all wall type-specific distributions follow that of `Wood Frame` (`WoodStud`); Updated per new wall type from Lightbox, all wall type-specific distributions follow that of `Wood Frame` (`WoodStud`); Updated per new wall type from Lightbox, all wall type-specific distributions follow that of `Wood Frame` (`WoodStud`); Updated per new wall type from Lightbox, all wall type-specific distributions follow that of `Wood Frame` (`WoodStud`)"
Interior Shading,1.0,0.0,,ANSI/RESNET/ICC 301 Standard,
Lighting,3.0,2.0,sources\recs\2015\tsv_maker.py,U.S. EIA 2015 Residential Energy Consumption Survey (RECS) microdata.; 2019 Energy Savings Forecast of Solid-State Lighting in General Illumination Applications. https://www.energy.gov/sites/prod/files/2019/12/f69/2019_ssl-energy-savings-forecast.pdf,"Qualitative lamp type fractions in each household surveyed are distributed to three options representing 100% incandescent, 100% CFl, and 100% LED lamp type options.; Due to low sample sizes for some Building Types, Building Type data are grouped into; Single-Family Attached units in the West South Central census division has the same LED saturation as Multi-Family; LED saturation is adjusted to match the U.S. projected saturation in the 2019 Energy Savings Forecast of Solid-State Lighting in General Illumination Applications."
Lighting Interior Use,1.0,0.0,,Not applicable; this parameter for adding diversity to lighting usage patterns is not currently used.,
Lighting Other Use,1.0,0.0,,Not applicable; this parameter for adding diversity to lighting usage patterns is not currently used.,
Location Region,10.0,1.0,sources\spatial\tsv_maker.py,"Spatial definitions are from the U.S. Census Bureau as of July 1, 2015.; Unit counts are from the American Community Survey 5-yr 2016.",
Mechanical Ventilation,1.0,0.0,,Engineering Judgement,
Misc Extra Refrigerator,7.0,1.0,sources\recs\2009\tsv_maker.py,U.S. EIA 2009 Residential Energy Consumption Survey (RECS) microdata.; Age of refrigerator converted to efficiency levels using ENERGYSTAR shipment-weighted efficiencies by year data from Home Energy Score,"The current year is assumed to be 2020 (previously, it was 2016); Previously, for each year, the EF values were rounded to the nearest EF level, and then the distribution of EF levels were calculated for the age bins. Currently, each year has its own distribution and then we average out the distributions to get the distribution for the age bins. EF for all years are weighted equally when calculating the average distribution for the age bins."
Misc Freezer,2.0,2.0,sources\recs\recs2009\tsv_maker.py,U.S. EIA 2009 Residential Energy Consumption Survey (RECS) microdata.,
Misc Gas Fireplace,2.0,0.0,,"Wilson et al. 'Building America House Simulation Protocols' 2014, national average fraction used for saturation",
Misc Gas Grill,2.0,0.0,,"Wilson et al. 'Building America House Simulation Protocols' 2014, national average fraction used for saturation",
Misc Gas Lighting,2.0,0.0,,"Wilson et al. 'Building America House Simulation Protocols' 2014, national average fraction used for saturation",
Misc Hot Tub Spa,3.0,2.0,sources\recs\recs2009\tsv_maker.py,U.S. EIA 2009 Residential Energy Consumption Survey (RECS) microdata.,
Misc Pool,2.0,2.0,sources\recs\recs2009\tsv_maker.py,U.S. EIA 2009 Residential Energy Consumption Survey (RECS) microdata.,
Misc Pool Heater,4.0,2.0,sources\recs\2009\tsv_maker.py,U.S. EIA 2009 Residential Energy Consumption Survey (RECS) microdata.,
Misc Pool Pump,2.0,1.0,,"Wilson et al. 'Building America House Simulation Protocols' 2014, national average fraction used for saturation",
Misc Well Pump,2.0,0.0,,"Wilson et al. 'Building America House Simulation Protocols' 2014, national average fraction used for saturation",
Natural Ventilation,1.0,0.0,,Wilson et al. 'Building America House Simulation Protocols' 2014,
Neighbors,7.0,1.0,,OpenStreetMap data queried by Radiant Labs for Multi-Family and Single-Family Attached; Engineering Judgement for others,
Occupants,10.0,6.0,sources\pums\pums2019_5yrs\tsv_maker.py,"2019-5yrs Public Use Microdata Samples (PUMS). IPUMS USA, University of Minnesota, www.ipums.org.","Option=10+ has a (weighted) representative value of 11. In ACS, Income, Tenure, and Occupants are reported for occupied units only. Because we assume vacant units share the same Income and Tenure distributions as occupied units, by extension, we assume this Occupants distribution applies to all units regardless of Vacancy Status. Where sample counts are less than 10 (6243 / 18000 rows), the Census Region average distribution has been inserted first (2593), followed by national average distribution (2678), followed by national + 'MF'/'SF' average distribution (252), followed by national + 'MF'/'SF' + 'Metro'/'Non-metro' average distribution (315)followed by national + 'MF'/'SF' + 'Metro'/'Non-metro' + Vacancy Status average distribution (657)."
Orientation,8.0,0.0,,OpenStreetMap data queried by Radiant Labs.,
Overhangs,1.0,0.0,,Not applicable; all homes are assumed to not have window overhangs other than eaves.,
PUMA,2336.0,1.0,sources\spatial\tsv_maker.py,"Spatial definitions are from the U.S. Census Bureau as of July 1, 2015.; Unit counts are from the American Community Survey 5-yr 2016.",
PUMA Metro Status,3.0,1.0,sources\pums\pums2019_5yrs\tsv_maker.py,"2019-5yrs Public Use Microdata Samples (PUMS). IPUMS USA, University of Minnesota, www.ipums.org.","'PUMA Metro Status', derived from ACS IPUMS METRO codes, indicates whether the household resided within a metropolitan area and, for households in metropolitan areas, whether the household resided within or outside of a central/principal city. Each PUMA has a unique METRO status in ACS and therefore has a unique PUMA Metro Status. IPUMS derives METRO codes for samples not directly identified based on available geographic information and whether the associated county group or PUMA lies wholly or only partially within metropolitan areas or principal cities."
PV Orientation,9.0,1.0,sources\dpv\tsv_maker.py,LBNL's 2020 Tracking the Sun (TTS).,PV orientation mapped based on azimuth angle of primary array (180 deg is South-facing).
PV System Size,8.0,2.0,sources\dpv\tsv_maker.py,LBNL's 2020 Tracking the Sun (TTS).,Installations of unknown mount type are assumed rooftop. States without data are backfilled with aggregates at the Census Region. 'East South Central' assumed the same distribution as 'West South Central'.
Plug Load Diversity,3.0,1.0,,"Engineering Judgement, Calibration",
Plug Loads,32.0,2.0,sources\recs\recs2015\tsv_maker.py,U.S. EIA 2015 Residential Energy Consumption Survey (RECS) microdata.,Multipliers are based on ratio of the ResStock MELS regression equations and the MELS modeled in RECS.
REEDS Balancing Area,134.0,1.0,sources\spatial\tsv_maker.py,"Spatial definitions are from the U.S. Census Bureau as of July 1, 2015.; Unit counts are from the American Community Survey 5-yr 2016.; Brown, Maxwell, Wesley Cole, Kelly Eurek, Jon Becker, David Bielen, Ilya Chernyakhovskiy, Stuart Cohen et al. 2020. Regional Energy Deployment System (ReEDS) Model Documentation",
Radiant Barrier,3.0,1.0,,Not applicable; all homes are assumed to not have attic radiant barriers installed.,
Range Spot Vent Hour,24.0,0.0,,derived from national average cooking range schedule in Wilson et al. 'Building America House Simulation Protocols' 2014,
Refrigerator,7.0,1.0,sources\recs\2009\tsv_maker.py,U.S. EIA 2009 Residential Energy Consumption Survey (RECS) microdata.; Age of refrigerator converted to efficiency levels using ENERGY STAR shipment-weighted efficiencies by year.,
Roof Material,7.0,2.0,sources\recs\2009\tsv_maker.py (manually collapsed from Roof Material Unfinished Attic and Roof Material Finished Roof),U.S. EIA 2009 Residential Energy Consumption Survey (RECS) microdata.,
Solar Hot Water,1.0,0.0,,Not applicable; all homes are assumed to not have solar water heating.,
State,49.0,1.0,sources\spatial\tsv_maker.py,"Spatial definitions are from the U.S. Census Bureau as of July 1, 2015.; Unit counts are from the American Community Survey 5-yr 2016.",
Tenure,2.0,2.0,sources\pums\pums2019_5yrs\tsv_maker.py,"2019-5yrs Public Use Microdata Samples (PUMS). IPUMS USA, University of Minnesota, www.ipums.org.","In ACS, Tenure is reported for occupied units only. By excluding Vacancy Status as a dependency, we assume vacant units share the same Tenure distribution as occupied units. Where sample counts are less than 10 (464 / 11680 rows), the Census Division by PUMA Metro Status average distribution has been inserted. 'Mobile Home' does not exist in DC and is replaced by 'Single-Family Detached'."
Usage Level,4.0,0.0,,"Engineering Judgement, Calibration",
Vacancy Status,2.0,2.0,sources\pums\pums2019_5yrs\tsv_maker.py,"2019-5yrs Public Use Microdata Samples (PUMS). IPUMS USA, University of Minnesota, www.ipums.org.","Where sample counts are less than 10 (434 / 11680 rows), the State average distribution has been inserted. 'Mobile Home' does not exist in DC and is replaced by 'Single-Family Detached'."
Vintage,9.0,2.0,sources\pums\pums2019_5yrs\tsv_maker.py,"2019-5yrs Public Use Microdata Samples (PUMS). IPUMS USA, University of Minnesota, www.ipums.org.","Where sample counts are less than 10 (812 / 21024 rows), the State average distribution has been inserted. 'Mobile Home' does not exist in DC and is replaced by 'Single-Family Detached'."
Vintage ACS,6.0,1.0,sources\pums\pums2019_5yrs\tsv_maker.py,"2019-5yrs Public Use Microdata Samples (PUMS). IPUMS USA, University of Minnesota, www.ipums.org.",
Water Heater Efficiency,17.0,2.0,sources\recs\recs2009\tsv_maker.py,U.S. EIA 2009 Residential Energy Consumption Survey (RECS) microdata.; (Heat pump water heaters) 2016-17 RBSA II for CR06 and Butzbaugh et al. 2017 US HPWH Market Transformation - Where Weve Been and Where to Go Next for remainder of regions,"Due to low samples, oil water heater efficiency distribution are lumped except for CR03 and CR07.; Water heater blanket is used as a proxy for premium storage tank water heaters.; Heat Pump Water Heaters are added in manually as they are not in the survey."
Water Heater Fuel,5.0,3.0,sources\recs\recs2009\tsv_maker.py,U.S. EIA 2009 Residential Energy Consumption Survey (RECS) microdata.,Due to low samples Single-Family Detached and Mobile Home samples have been lumped; Due to low samples Multi-Family 2-4 and Multi-Family 5+ samples have been lumped; Due to low samples the Location Region dependency has been removed for Heating Fuel None; Due to low samples the Geometry Building Type RECS dependency has been removed for Heating Fuel Propane; Due to low samples the Location Region dependency has been removed for Heating Fuel Other Fuel; Due to low samples the Location Region dependency has been removed for Heating Fuel Fuel Oil except in CR03 and CR07 (New England and Mid-Atlantic)
Water Heater In Unit,2.0,3.0,sources\recs\recs2009\tsv_maker.py,U.S. EIA 2009 Residential Energy Consumption Survey (RECS) microdata.,"Single-Family Detached and Mobile Homes have in unit water heaters.; If the sample counts are less than 10, then the Location Region dependency is collapsed."
Window Areas,6.0,1.0,sources\rbsa_II\tsv_maker.py,2016-17 Residential Building Stock Assessment (RBSA) II microdata.,"The window to wall ratios (WWR) are exponential weibull distributed.; Multi-Family with 2-4 Units distributions are independent of Geometry Stories; Multi-Family with 5+ Units distributions are grouped by 1-3 stories, 4-7 stories, and 8+ stories; High-rise Multi-family buildings (8+ stories) have a 30% window to wall ratio (WWR); SFD, SFA, and Mobile Homes are represented by the SFD window area distribution"
Windows,10.0,3.0,sources\recs\recs2015\tsv_maker.py,U.S. EIA 2015 Residential Energy Consumption Survey (RECS) microdata.; Source of storm windows :https://www.energy.gov/sites/prod/files/2013/11/f5/residential_windows_coverings.pdf,"Wood and Vinyl are considered same material; Triple Pane assumed to be 100% low-e; Only breaking out clear and low-e windows for the Double, Non-Metal frame type; Source of low-e distribution is based on engineering judgement, informed by high-levelsales trends observed in Ducker Worldwide studies of the U.S. Market for Windows, Doors and Skylights.; Due to low sample sizes for some Building Types, Building Type data are grouped into; 1) Single-Family Detached, Single-Family Attached, and Mobile homes and 2) Multi-Family 2-4 units and Multi-Family 5+ units; Due to low sample sizes for Vintage, Vintage data are grouped into; 1) <1960, 2) 1960-79, 3) 1980-99, 4) 2000-15; Due to low sample size for Climate, Climate zones are grouped into ; 1) 1A, 2A, and 2B, 2) 3A, 3B, 3C, and 4B, 3) 4A and 4C, 4) 5A and 5B, 5) 6A and 6B, and 6) 7A and 7B; Storm window saturations are based on D&R International, Ltd. 'Residential Windows and Window Coverings; Due to lack of performance data storm windows with triple-pane are modeled without the storm windows; Due to lack of performance data Double-pane, Low-E, Non-Metal, Air, M-gain, Exterior Clear Storm windows are modeled as Double-pane, Clear, Non-Metal, Air, Exterior Clear Storm windows"
