<?xml version="1.0"?>
<measure>
  <schema_version>3.0</schema_version>
  <name>upgrade_costs</name>
  <uid>ef51212c-acc4-48d7-9b29-cf2a5c6c4449</uid>
  <version_id>67dbd688-e316-4a0c-a9c7-58d52e3fe7b4</version_id>
  <version_modified>20220715T195222Z</version_modified>
  <xml_checksum>9BF1E6AC</xml_checksum>
  <class_name>UpgradeCosts</class_name>
  <display_name>Upgrade Costs</display_name>
  <description>Measure that calculates upgrade costs.</description>
  <modeler_description>Multiplies cost value by cost multiplier.</modeler_description>
  <arguments />
  <outputs />
  <provenances />
  <tags>
    <tag>Reporting.QAQC</tag>
  </tags>
  <attributes>
    <attribute>
      <name>Measure Type</name>
      <value>ReportingMeasure</value>
      <datatype>string</datatype>
    </attribute>
    <attribute>
      <name>Intended Software Tool</name>
      <value>OpenStudio Application</value>
      <datatype>string</datatype>
    </attribute>
    <attribute>
      <name>Intended Software Tool</name>
      <value>Parametric Analysis Tool</value>
      <datatype>string</datatype>
    </attribute>
  </attributes>
  <files>
    <file>
      <filename>SFD_1story_FB_UA_GRG_RoomAC_ElecBoiler_FuelTanklessWH.osw</filename>
      <filetype>osw</filetype>
      <usage_type>test</usage_type>
      <checksum>5EC2B4D7</checksum>
    </file>
    <file>
      <filename>MF_1story_UB_Furnace_AC1_FuelTankWH.osw</filename>
      <filetype>osw</filetype>
      <usage_type>test</usage_type>
      <checksum>B9C8435E</checksum>
    </file>
    <file>
      <filename>MF_2story_UB_ASHP2_HPWH.osw</filename>
      <filetype>osw</filetype>
      <usage_type>test</usage_type>
      <checksum>AB2DBD4B</checksum>
    </file>
    <file>
      <filename>MF_2story_UB_FuelBoiler_AC1_FuelTankWH.osw</filename>
      <filetype>osw</filetype>
      <usage_type>test</usage_type>
      <checksum>AB342C4F</checksum>
    </file>
    <file>
      <filename>MF_2story_UB_Furnace_AC1_FuelTankWH.osw</filename>
      <filetype>osw</filetype>
      <usage_type>test</usage_type>
      <checksum>656967ED</checksum>
    </file>
    <file>
      <filename>SFD_1story_UB_UA_ASHP2_HPWH.osw</filename>
      <filetype>osw</filetype>
      <usage_type>test</usage_type>
      <checksum>D1C1B3AD</checksum>
    </file>
    <file>
      <filename>SFD_1story_UB_UA_GRG_ACV_FuelFurnace_HPWH.osw</filename>
      <filetype>osw</filetype>
      <usage_type>test</usage_type>
      <checksum>EE3CC9A0</checksum>
    </file>
    <file>
      <filename>SFD_2story_CS_UA_AC2_FuelBoiler_FuelTankWH.osw</filename>
      <filetype>osw</filetype>
      <usage_type>test</usage_type>
      <checksum>95D1DCFA</checksum>
    </file>
    <file>
      <filename>SFD_2story_CS_UA_GRG_ASHPV_FuelTanklessWH.osw</filename>
      <filetype>osw</filetype>
      <usage_type>test</usage_type>
      <checksum>B2808DC9</checksum>
    </file>
    <file>
      <filename>SFD_2story_FB_UA_GRG_AC1_ElecBaseboard_FuelTankWH.osw</filename>
      <filetype>osw</filetype>
      <usage_type>test</usage_type>
      <checksum>CDC62E86</checksum>
    </file>
    <file>
      <filename>SFD_2story_FB_UA_GRG_AC1_UnitHeater_FuelTankWH.osw</filename>
      <filetype>osw</filetype>
      <usage_type>test</usage_type>
      <checksum>E14290C6</checksum>
    </file>
    <file>
      <filename>SFD_2story_FB_UA_GRG_GSHP_ElecTanklessWH.osw</filename>
      <filetype>osw</filetype>
      <usage_type>test</usage_type>
      <checksum>B4C82AD8</checksum>
    </file>
    <file>
      <filename>SFD_2story_PB_UA_ElecFurnace_ElecTankWH.osw</filename>
      <filetype>osw</filetype>
      <usage_type>test</usage_type>
      <checksum>AA7568D2</checksum>
    </file>
    <file>
      <filename>SFA_2story_FB_FuelBoiler_RoomAC_FuelTankWH.osw</filename>
      <filetype>osw</filetype>
      <usage_type>test</usage_type>
      <checksum>7074AAF1</checksum>
    </file>
    <file>
      <filename>SFA_2story_UB_ASHP2_HPWH.osw</filename>
      <filetype>osw</filetype>
      <usage_type>test</usage_type>
      <checksum>EF428A49</checksum>
    </file>
    <file>
      <filename>SFA_2story_UB_FuelBoiler_RoomAC_FuelTankWH.osw</filename>
      <filetype>osw</filetype>
      <usage_type>test</usage_type>
      <checksum>EB854B3A</checksum>
    </file>
    <file>
      <filename>SFA_2story_UB_Furnace_RoomAC_FuelTankWH.osw</filename>
      <filetype>osw</filetype>
      <usage_type>test</usage_type>
      <checksum>369186C8</checksum>
    </file>
    <file>
      <filename>SFD_1story_UB_UA_GRG_ACV_FuelFurnace_PortableHeater_HPWH.osw</filename>
      <filetype>osw</filetype>
      <usage_type>test</usage_type>
      <checksum>A3A583D8</checksum>
    </file>
    <file>
      <filename>SFD_2story_S_UA_GRG_ASHP1_FuelTanklessWH.osw</filename>
      <filetype>osw</filetype>
      <usage_type>test</usage_type>
      <checksum>5DA5472C</checksum>
    </file>
    <file>
      <filename>SFD_2story_S_UA_GRG_ASHP1_Fireplace_FuelTanklessWH.osw</filename>
      <filetype>osw</filetype>
      <usage_type>test</usage_type>
      <checksum>8B31393C</checksum>
    </file>
    <file>
      <filename>SFD_2story_S_UA_GRG_ASHP1_Fireplace_FuelTanklessWH_ERV.osw</filename>
      <filetype>osw</filetype>
      <usage_type>test</usage_type>
      <checksum>95114CB1</checksum>
    </file>
    <file>
      <filename>SFD_1story_FB_UA_GRG_MSHP_FuelTanklessWH.osw</filename>
      <filetype>osw</filetype>
      <usage_type>test</usage_type>
      <checksum>EFDDF947</checksum>
    </file>
    <file>
      <filename>upgrade_costs_test.rb</filename>
      <filetype>rb</filetype>
      <usage_type>test</usage_type>
      <checksum>4EABC096</checksum>
    </file>
    <file>
      <version>
        <software_program>OpenStudio</software_program>
        <identifier>3.1.0</identifier>
        <min_compatible>3.1.0</min_compatible>
      </version>
      <filename>measure.rb</filename>
      <filetype>rb</filetype>
      <usage_type>script</usage_type>
      <checksum>7CB40E44</checksum>
    </file>
  </files>
</measure>
