<?xml version="1.0"?>
<measure>
  <schema_version>3.0</schema_version>
  <name>report_simulation_output</name>
  <uid>df9d170c-c21a-4130-866d-0d46b06073fd</uid>
  <version_id>e52fa508-4a43-4b4c-b257-15f76ce56afd</version_id>
  <version_modified>20220719T034751Z</version_modified>
  <xml_checksum>9BF1E6AC</xml_checksum>
  <class_name>ReportSimulationOutput</class_name>
  <display_name>HPXML Simulation Output Report</display_name>
  <description>Reports simulation outputs for residential HPXML-based models.</description>
  <modeler_description>Processes EnergyPlus simulation outputs in order to generate an annual output file and an optional timeseries output file.</modeler_description>
  <arguments>
    <argument>
      <name>output_format</name>
      <display_name>Output Format</display_name>
      <description>The file format of the annual (and timeseries, if requested) outputs.</description>
      <type>Choice</type>
      <units></units>
      <required>false</required>
      <model_dependent>false</model_dependent>
      <default_value>csv</default_value>
      <choices>
        <choice>
          <value>csv</value>
          <display_name>csv</display_name>
        </choice>
        <choice>
          <value>json</value>
          <display_name>json</display_name>
        </choice>
      </choices>
      <min_value></min_value>
      <max_value></max_value>
    </argument>
    <argument>
      <name>timeseries_frequency</name>
      <display_name>Timeseries Reporting Frequency</display_name>
      <description>The frequency at which to report timeseries output data. Using 'none' will disable timeseries outputs.</description>
      <type>Choice</type>
      <units></units>
      <required>true</required>
      <model_dependent>false</model_dependent>
      <default_value>none</default_value>
      <choices>
        <choice>
          <value>none</value>
          <display_name>none</display_name>
        </choice>
        <choice>
          <value>timestep</value>
          <display_name>timestep</display_name>
        </choice>
        <choice>
          <value>hourly</value>
          <display_name>hourly</display_name>
        </choice>
        <choice>
          <value>daily</value>
          <display_name>daily</display_name>
        </choice>
        <choice>
          <value>monthly</value>
          <display_name>monthly</display_name>
        </choice>
      </choices>
      <min_value></min_value>
      <max_value></max_value>
    </argument>
    <argument>
      <name>include_timeseries_fuel_consumptions</name>
      <display_name>Generate Timeseries Output: Fuel Consumptions</display_name>
      <description>Generates timeseries energy consumptions for each fuel type.</description>
      <type>Boolean</type>
      <units></units>
      <required>true</required>
      <model_dependent>false</model_dependent>
      <default_value>false</default_value>
      <choices>
        <choice>
          <value>true</value>
          <display_name>true</display_name>
        </choice>
        <choice>
          <value>false</value>
          <display_name>false</display_name>
        </choice>
      </choices>
      <min_value></min_value>
      <max_value></max_value>
    </argument>
    <argument>
      <name>include_timeseries_end_use_consumptions</name>
      <display_name>Generate Timeseries Output: End Use Consumptions</display_name>
      <description>Generates timeseries energy consumptions for each end use.</description>
      <type>Boolean</type>
      <units></units>
      <required>true</required>
      <model_dependent>false</model_dependent>
      <default_value>false</default_value>
      <choices>
        <choice>
          <value>true</value>
          <display_name>true</display_name>
        </choice>
        <choice>
          <value>false</value>
          <display_name>false</display_name>
        </choice>
      </choices>
      <min_value></min_value>
      <max_value></max_value>
    </argument>
    <argument>
      <name>include_timeseries_hot_water_uses</name>
      <display_name>Generate Timeseries Output: Hot Water Uses</display_name>
      <description>Generates timeseries hot water usages for each end use.</description>
      <type>Boolean</type>
      <units></units>
      <required>true</required>
      <model_dependent>false</model_dependent>
      <default_value>false</default_value>
      <choices>
        <choice>
          <value>true</value>
          <display_name>true</display_name>
        </choice>
        <choice>
          <value>false</value>
          <display_name>false</display_name>
        </choice>
      </choices>
      <min_value></min_value>
      <max_value></max_value>
    </argument>
    <argument>
      <name>include_timeseries_total_loads</name>
      <display_name>Generate Timeseries Output: Total Loads</display_name>
      <description>Generates timeseries total heating, cooling, and hot water loads.</description>
      <type>Boolean</type>
      <units></units>
      <required>true</required>
      <model_dependent>false</model_dependent>
      <default_value>false</default_value>
      <choices>
        <choice>
          <value>true</value>
          <display_name>true</display_name>
        </choice>
        <choice>
          <value>false</value>
          <display_name>false</display_name>
        </choice>
      </choices>
      <min_value></min_value>
      <max_value></max_value>
    </argument>
    <argument>
      <name>include_timeseries_component_loads</name>
      <display_name>Generate Timeseries Output: Component Loads</display_name>
      <description>Generates timeseries heating and cooling loads disaggregated by component type.</description>
      <type>Boolean</type>
      <units></units>
      <required>true</required>
      <model_dependent>false</model_dependent>
      <default_value>false</default_value>
      <choices>
        <choice>
          <value>true</value>
          <display_name>true</display_name>
        </choice>
        <choice>
          <value>false</value>
          <display_name>false</display_name>
        </choice>
      </choices>
      <min_value></min_value>
      <max_value></max_value>
    </argument>
    <argument>
      <name>include_timeseries_zone_temperatures</name>
      <display_name>Generate Timeseries Output: Zone Temperatures</display_name>
      <description>Generates timeseries temperatures for each thermal zone.</description>
      <type>Boolean</type>
      <units></units>
      <required>true</required>
      <model_dependent>false</model_dependent>
      <default_value>false</default_value>
      <choices>
        <choice>
          <value>true</value>
          <display_name>true</display_name>
        </choice>
        <choice>
          <value>false</value>
          <display_name>false</display_name>
        </choice>
      </choices>
      <min_value></min_value>
      <max_value></max_value>
    </argument>
    <argument>
      <name>include_timeseries_airflows</name>
      <display_name>Generate Timeseries Output: Airflows</display_name>
      <description>Generates timeseries airflows.</description>
      <type>Boolean</type>
      <units></units>
      <required>true</required>
      <model_dependent>false</model_dependent>
      <default_value>false</default_value>
      <choices>
        <choice>
          <value>true</value>
          <display_name>true</display_name>
        </choice>
        <choice>
          <value>false</value>
          <display_name>false</display_name>
        </choice>
      </choices>
      <min_value></min_value>
      <max_value></max_value>
    </argument>
    <argument>
      <name>include_timeseries_weather</name>
      <display_name>Generate Timeseries Output: Weather</display_name>
      <description>Generates timeseries weather data.</description>
      <type>Boolean</type>
      <units></units>
      <required>true</required>
      <model_dependent>false</model_dependent>
      <default_value>false</default_value>
      <choices>
        <choice>
          <value>true</value>
          <display_name>true</display_name>
        </choice>
        <choice>
          <value>false</value>
          <display_name>false</display_name>
        </choice>
      </choices>
      <min_value></min_value>
      <max_value></max_value>
    </argument>
  </arguments>
  <outputs>
    <output>
      <name>Fuel Use: Electricity: Total MBtu</name>
      <display_name>Fuel Use: Electricity: Total MBtu</display_name>
      <short_name>Fuel Use: Electricity: Total MBtu</short_name>
      <description></description>
      <type>Double</type>
      <units></units>
      <model_dependent>false</model_dependent>
    </output>
    <output>
      <name>Fuel Use: Natural Gas: Total MBtu</name>
      <display_name>Fuel Use: Natural Gas: Total MBtu</display_name>
      <short_name>Fuel Use: Natural Gas: Total MBtu</short_name>
      <description></description>
      <type>Double</type>
      <units></units>
      <model_dependent>false</model_dependent>
    </output>
    <output>
      <name>Fuel Use: Fuel Oil: Total MBtu</name>
      <display_name>Fuel Use: Fuel Oil: Total MBtu</display_name>
      <short_name>Fuel Use: Fuel Oil: Total MBtu</short_name>
      <description></description>
      <type>Double</type>
      <units></units>
      <model_dependent>false</model_dependent>
    </output>
    <output>
      <name>Fuel Use: Propane: Total MBtu</name>
      <display_name>Fuel Use: Propane: Total MBtu</display_name>
      <short_name>Fuel Use: Propane: Total MBtu</short_name>
      <description></description>
      <type>Double</type>
      <units></units>
      <model_dependent>false</model_dependent>
    </output>
    <output>
      <name>Fuel Use: Wood Cord: Total MBtu</name>
      <display_name>Fuel Use: Wood Cord: Total MBtu</display_name>
      <short_name>Fuel Use: Wood Cord: Total MBtu</short_name>
      <description></description>
      <type>Double</type>
      <units></units>
      <model_dependent>false</model_dependent>
    </output>
    <output>
      <name>Fuel Use: Wood Pellets: Total MBtu</name>
      <display_name>Fuel Use: Wood Pellets: Total MBtu</display_name>
      <short_name>Fuel Use: Wood Pellets: Total MBtu</short_name>
      <description></description>
      <type>Double</type>
      <units></units>
      <model_dependent>false</model_dependent>
    </output>
    <output>
      <name>Fuel Use: Coal: Total MBtu</name>
      <display_name>Fuel Use: Coal: Total MBtu</display_name>
      <short_name>Fuel Use: Coal: Total MBtu</short_name>
      <description></description>
      <type>Double</type>
      <units></units>
      <model_dependent>false</model_dependent>
    </output>
    <output>
      <name>End Use: Electricity: Heating MBtu</name>
      <display_name>End Use: Electricity: Heating MBtu</display_name>
      <short_name>End Use: Electricity: Heating MBtu</short_name>
      <description></description>
      <type>Double</type>
      <units></units>
      <model_dependent>false</model_dependent>
    </output>
    <output>
      <name>End Use: Electricity: Heating Fans/Pumps MBtu</name>
      <display_name>End Use: Electricity: Heating Fans/Pumps MBtu</display_name>
      <short_name>End Use: Electricity: Heating Fans/Pumps MBtu</short_name>
      <description></description>
      <type>Double</type>
      <units></units>
      <model_dependent>false</model_dependent>
    </output>
    <output>
      <name>End Use: Electricity: Cooling MBtu</name>
      <display_name>End Use: Electricity: Cooling MBtu</display_name>
      <short_name>End Use: Electricity: Cooling MBtu</short_name>
      <description></description>
      <type>Double</type>
      <units></units>
      <model_dependent>false</model_dependent>
    </output>
    <output>
      <name>End Use: Electricity: Cooling Fans/Pumps MBtu</name>
      <display_name>End Use: Electricity: Cooling Fans/Pumps MBtu</display_name>
      <short_name>End Use: Electricity: Cooling Fans/Pumps MBtu</short_name>
      <description></description>
      <type>Double</type>
      <units></units>
      <model_dependent>false</model_dependent>
    </output>
    <output>
      <name>End Use: Electricity: Hot Water MBtu</name>
      <display_name>End Use: Electricity: Hot Water MBtu</display_name>
      <short_name>End Use: Electricity: Hot Water MBtu</short_name>
      <description></description>
      <type>Double</type>
      <units></units>
      <model_dependent>false</model_dependent>
    </output>
    <output>
      <name>End Use: Electricity: Hot Water Recirc Pump MBtu</name>
      <display_name>End Use: Electricity: Hot Water Recirc Pump MBtu</display_name>
      <short_name>End Use: Electricity: Hot Water Recirc Pump MBtu</short_name>
      <description></description>
      <type>Double</type>
      <units></units>
      <model_dependent>false</model_dependent>
    </output>
    <output>
      <name>End Use: Electricity: Hot Water Solar Thermal Pump MBtu</name>
      <display_name>End Use: Electricity: Hot Water Solar Thermal Pump MBtu</display_name>
      <short_name>End Use: Electricity: Hot Water Solar Thermal Pump MBtu</short_name>
      <description></description>
      <type>Double</type>
      <units></units>
      <model_dependent>false</model_dependent>
    </output>
    <output>
      <name>End Use: Electricity: Lighting Interior MBtu</name>
      <display_name>End Use: Electricity: Lighting Interior MBtu</display_name>
      <short_name>End Use: Electricity: Lighting Interior MBtu</short_name>
      <description></description>
      <type>Double</type>
      <units></units>
      <model_dependent>false</model_dependent>
    </output>
    <output>
      <name>End Use: Electricity: Lighting Garage MBtu</name>
      <display_name>End Use: Electricity: Lighting Garage MBtu</display_name>
      <short_name>End Use: Electricity: Lighting Garage MBtu</short_name>
      <description></description>
      <type>Double</type>
      <units></units>
      <model_dependent>false</model_dependent>
    </output>
    <output>
      <name>End Use: Electricity: Lighting Exterior MBtu</name>
      <display_name>End Use: Electricity: Lighting Exterior MBtu</display_name>
      <short_name>End Use: Electricity: Lighting Exterior MBtu</short_name>
      <description></description>
      <type>Double</type>
      <units></units>
      <model_dependent>false</model_dependent>
    </output>
    <output>
      <name>End Use: Electricity: Mech Vent MBtu</name>
      <display_name>End Use: Electricity: Mech Vent MBtu</display_name>
      <short_name>End Use: Electricity: Mech Vent MBtu</short_name>
      <description></description>
      <type>Double</type>
      <units></units>
      <model_dependent>false</model_dependent>
    </output>
    <output>
      <name>End Use: Electricity: Mech Vent Preheating MBtu</name>
      <display_name>End Use: Electricity: Mech Vent Preheating MBtu</display_name>
      <short_name>End Use: Electricity: Mech Vent Preheating MBtu</short_name>
      <description></description>
      <type>Double</type>
      <units></units>
      <model_dependent>false</model_dependent>
    </output>
    <output>
      <name>End Use: Electricity: Mech Vent Precooling MBtu</name>
      <display_name>End Use: Electricity: Mech Vent Precooling MBtu</display_name>
      <short_name>End Use: Electricity: Mech Vent Precooling MBtu</short_name>
      <description></description>
      <type>Double</type>
      <units></units>
      <model_dependent>false</model_dependent>
    </output>
    <output>
      <name>End Use: Electricity: Whole House Fan MBtu</name>
      <display_name>End Use: Electricity: Whole House Fan MBtu</display_name>
      <short_name>End Use: Electricity: Whole House Fan MBtu</short_name>
      <description></description>
      <type>Double</type>
      <units></units>
      <model_dependent>false</model_dependent>
    </output>
    <output>
      <name>End Use: Electricity: Refrigerator MBtu</name>
      <display_name>End Use: Electricity: Refrigerator MBtu</display_name>
      <short_name>End Use: Electricity: Refrigerator MBtu</short_name>
      <description></description>
      <type>Double</type>
      <units></units>
      <model_dependent>false</model_dependent>
    </output>
    <output>
      <name>End Use: Electricity: Freezer MBtu</name>
      <display_name>End Use: Electricity: Freezer MBtu</display_name>
      <short_name>End Use: Electricity: Freezer MBtu</short_name>
      <description></description>
      <type>Double</type>
      <units></units>
      <model_dependent>false</model_dependent>
    </output>
    <output>
      <name>End Use: Electricity: Dehumidifier MBtu</name>
      <display_name>End Use: Electricity: Dehumidifier MBtu</display_name>
      <short_name>End Use: Electricity: Dehumidifier MBtu</short_name>
      <description></description>
      <type>Double</type>
      <units></units>
      <model_dependent>false</model_dependent>
    </output>
    <output>
      <name>End Use: Electricity: Dishwasher MBtu</name>
      <display_name>End Use: Electricity: Dishwasher MBtu</display_name>
      <short_name>End Use: Electricity: Dishwasher MBtu</short_name>
      <description></description>
      <type>Double</type>
      <units></units>
      <model_dependent>false</model_dependent>
    </output>
    <output>
      <name>End Use: Electricity: Clothes Washer MBtu</name>
      <display_name>End Use: Electricity: Clothes Washer MBtu</display_name>
      <short_name>End Use: Electricity: Clothes Washer MBtu</short_name>
      <description></description>
      <type>Double</type>
      <units></units>
      <model_dependent>false</model_dependent>
    </output>
    <output>
      <name>End Use: Electricity: Clothes Dryer MBtu</name>
      <display_name>End Use: Electricity: Clothes Dryer MBtu</display_name>
      <short_name>End Use: Electricity: Clothes Dryer MBtu</short_name>
      <description></description>
      <type>Double</type>
      <units></units>
      <model_dependent>false</model_dependent>
    </output>
    <output>
      <name>End Use: Electricity: Range/Oven MBtu</name>
      <display_name>End Use: Electricity: Range/Oven MBtu</display_name>
      <short_name>End Use: Electricity: Range/Oven MBtu</short_name>
      <description></description>
      <type>Double</type>
      <units></units>
      <model_dependent>false</model_dependent>
    </output>
    <output>
      <name>End Use: Electricity: Ceiling Fan MBtu</name>
      <display_name>End Use: Electricity: Ceiling Fan MBtu</display_name>
      <short_name>End Use: Electricity: Ceiling Fan MBtu</short_name>
      <description></description>
      <type>Double</type>
      <units></units>
      <model_dependent>false</model_dependent>
    </output>
    <output>
      <name>End Use: Electricity: Television MBtu</name>
      <display_name>End Use: Electricity: Television MBtu</display_name>
      <short_name>End Use: Electricity: Television MBtu</short_name>
      <description></description>
      <type>Double</type>
      <units></units>
      <model_dependent>false</model_dependent>
    </output>
    <output>
      <name>End Use: Electricity: Plug Loads MBtu</name>
      <display_name>End Use: Electricity: Plug Loads MBtu</display_name>
      <short_name>End Use: Electricity: Plug Loads MBtu</short_name>
      <description></description>
      <type>Double</type>
      <units></units>
      <model_dependent>false</model_dependent>
    </output>
    <output>
      <name>End Use: Electricity: Electric Vehicle Charging MBtu</name>
      <display_name>End Use: Electricity: Electric Vehicle Charging MBtu</display_name>
      <short_name>End Use: Electricity: Electric Vehicle Charging MBtu</short_name>
      <description></description>
      <type>Double</type>
      <units></units>
      <model_dependent>false</model_dependent>
    </output>
    <output>
      <name>End Use: Electricity: Well Pump MBtu</name>
      <display_name>End Use: Electricity: Well Pump MBtu</display_name>
      <short_name>End Use: Electricity: Well Pump MBtu</short_name>
      <description></description>
      <type>Double</type>
      <units></units>
      <model_dependent>false</model_dependent>
    </output>
    <output>
      <name>End Use: Electricity: Pool Heater MBtu</name>
      <display_name>End Use: Electricity: Pool Heater MBtu</display_name>
      <short_name>End Use: Electricity: Pool Heater MBtu</short_name>
      <description></description>
      <type>Double</type>
      <units></units>
      <model_dependent>false</model_dependent>
    </output>
    <output>
      <name>End Use: Electricity: Pool Pump MBtu</name>
      <display_name>End Use: Electricity: Pool Pump MBtu</display_name>
      <short_name>End Use: Electricity: Pool Pump MBtu</short_name>
      <description></description>
      <type>Double</type>
      <units></units>
      <model_dependent>false</model_dependent>
    </output>
    <output>
      <name>End Use: Electricity: Hot Tub Heater MBtu</name>
      <display_name>End Use: Electricity: Hot Tub Heater MBtu</display_name>
      <short_name>End Use: Electricity: Hot Tub Heater MBtu</short_name>
      <description></description>
      <type>Double</type>
      <units></units>
      <model_dependent>false</model_dependent>
    </output>
    <output>
      <name>End Use: Electricity: Hot Tub Pump MBtu</name>
      <display_name>End Use: Electricity: Hot Tub Pump MBtu</display_name>
      <short_name>End Use: Electricity: Hot Tub Pump MBtu</short_name>
      <description></description>
      <type>Double</type>
      <units></units>
      <model_dependent>false</model_dependent>
    </output>
    <output>
      <name>End Use: Electricity: PV MBtu</name>
      <display_name>End Use: Electricity: PV MBtu</display_name>
      <short_name>End Use: Electricity: PV MBtu</short_name>
      <description></description>
      <type>Double</type>
      <units></units>
      <model_dependent>false</model_dependent>
    </output>
    <output>
      <name>End Use: Electricity: Generator MBtu</name>
      <display_name>End Use: Electricity: Generator MBtu</display_name>
      <short_name>End Use: Electricity: Generator MBtu</short_name>
      <description></description>
      <type>Double</type>
      <units></units>
      <model_dependent>false</model_dependent>
    </output>
    <output>
      <name>End Use: Natural Gas: Heating MBtu</name>
      <display_name>End Use: Natural Gas: Heating MBtu</display_name>
      <short_name>End Use: Natural Gas: Heating MBtu</short_name>
      <description></description>
      <type>Double</type>
      <units></units>
      <model_dependent>false</model_dependent>
    </output>
    <output>
      <name>End Use: Natural Gas: Hot Water MBtu</name>
      <display_name>End Use: Natural Gas: Hot Water MBtu</display_name>
      <short_name>End Use: Natural Gas: Hot Water MBtu</short_name>
      <description></description>
      <type>Double</type>
      <units></units>
      <model_dependent>false</model_dependent>
    </output>
    <output>
      <name>End Use: Natural Gas: Clothes Dryer MBtu</name>
      <display_name>End Use: Natural Gas: Clothes Dryer MBtu</display_name>
      <short_name>End Use: Natural Gas: Clothes Dryer MBtu</short_name>
      <description></description>
      <type>Double</type>
      <units></units>
      <model_dependent>false</model_dependent>
    </output>
    <output>
      <name>End Use: Natural Gas: Range/Oven MBtu</name>
      <display_name>End Use: Natural Gas: Range/Oven MBtu</display_name>
      <short_name>End Use: Natural Gas: Range/Oven MBtu</short_name>
      <description></description>
      <type>Double</type>
      <units></units>
      <model_dependent>false</model_dependent>
    </output>
    <output>
      <name>End Use: Natural Gas: Mech Vent Preheating MBtu</name>
      <display_name>End Use: Natural Gas: Mech Vent Preheating MBtu</display_name>
      <short_name>End Use: Natural Gas: Mech Vent Preheating MBtu</short_name>
      <description></description>
      <type>Double</type>
      <units></units>
      <model_dependent>false</model_dependent>
    </output>
    <output>
      <name>End Use: Natural Gas: Pool Heater MBtu</name>
      <display_name>End Use: Natural Gas: Pool Heater MBtu</display_name>
      <short_name>End Use: Natural Gas: Pool Heater MBtu</short_name>
      <description></description>
      <type>Double</type>
      <units></units>
      <model_dependent>false</model_dependent>
    </output>
    <output>
      <name>End Use: Natural Gas: Hot Tub Heater MBtu</name>
      <display_name>End Use: Natural Gas: Hot Tub Heater MBtu</display_name>
      <short_name>End Use: Natural Gas: Hot Tub Heater MBtu</short_name>
      <description></description>
      <type>Double</type>
      <units></units>
      <model_dependent>false</model_dependent>
    </output>
    <output>
      <name>End Use: Natural Gas: Grill MBtu</name>
      <display_name>End Use: Natural Gas: Grill MBtu</display_name>
      <short_name>End Use: Natural Gas: Grill MBtu</short_name>
      <description></description>
      <type>Double</type>
      <units></units>
      <model_dependent>false</model_dependent>
    </output>
    <output>
      <name>End Use: Natural Gas: Lighting MBtu</name>
      <display_name>End Use: Natural Gas: Lighting MBtu</display_name>
      <short_name>End Use: Natural Gas: Lighting MBtu</short_name>
      <description></description>
      <type>Double</type>
      <units></units>
      <model_dependent>false</model_dependent>
    </output>
    <output>
      <name>End Use: Natural Gas: Fireplace MBtu</name>
      <display_name>End Use: Natural Gas: Fireplace MBtu</display_name>
      <short_name>End Use: Natural Gas: Fireplace MBtu</short_name>
      <description></description>
      <type>Double</type>
      <units></units>
      <model_dependent>false</model_dependent>
    </output>
    <output>
      <name>End Use: Natural Gas: Generator MBtu</name>
      <display_name>End Use: Natural Gas: Generator MBtu</display_name>
      <short_name>End Use: Natural Gas: Generator MBtu</short_name>
      <description></description>
      <type>Double</type>
      <units></units>
      <model_dependent>false</model_dependent>
    </output>
    <output>
      <name>End Use: Fuel Oil: Heating MBtu</name>
      <display_name>End Use: Fuel Oil: Heating MBtu</display_name>
      <short_name>End Use: Fuel Oil: Heating MBtu</short_name>
      <description></description>
      <type>Double</type>
      <units></units>
      <model_dependent>false</model_dependent>
    </output>
    <output>
      <name>End Use: Fuel Oil: Hot Water MBtu</name>
      <display_name>End Use: Fuel Oil: Hot Water MBtu</display_name>
      <short_name>End Use: Fuel Oil: Hot Water MBtu</short_name>
      <description></description>
      <type>Double</type>
      <units></units>
      <model_dependent>false</model_dependent>
    </output>
    <output>
      <name>End Use: Fuel Oil: Clothes Dryer MBtu</name>
      <display_name>End Use: Fuel Oil: Clothes Dryer MBtu</display_name>
      <short_name>End Use: Fuel Oil: Clothes Dryer MBtu</short_name>
      <description></description>
      <type>Double</type>
      <units></units>
      <model_dependent>false</model_dependent>
    </output>
    <output>
      <name>End Use: Fuel Oil: Range/Oven MBtu</name>
      <display_name>End Use: Fuel Oil: Range/Oven MBtu</display_name>
      <short_name>End Use: Fuel Oil: Range/Oven MBtu</short_name>
      <description></description>
      <type>Double</type>
      <units></units>
      <model_dependent>false</model_dependent>
    </output>
    <output>
      <name>End Use: Fuel Oil: Mech Vent Preheating MBtu</name>
      <display_name>End Use: Fuel Oil: Mech Vent Preheating MBtu</display_name>
      <short_name>End Use: Fuel Oil: Mech Vent Preheating MBtu</short_name>
      <description></description>
      <type>Double</type>
      <units></units>
      <model_dependent>false</model_dependent>
    </output>
    <output>
      <name>End Use: Fuel Oil: Grill MBtu</name>
      <display_name>End Use: Fuel Oil: Grill MBtu</display_name>
      <short_name>End Use: Fuel Oil: Grill MBtu</short_name>
      <description></description>
      <type>Double</type>
      <units></units>
      <model_dependent>false</model_dependent>
    </output>
    <output>
      <name>End Use: Fuel Oil: Lighting MBtu</name>
      <display_name>End Use: Fuel Oil: Lighting MBtu</display_name>
      <short_name>End Use: Fuel Oil: Lighting MBtu</short_name>
      <description></description>
      <type>Double</type>
      <units></units>
      <model_dependent>false</model_dependent>
    </output>
    <output>
      <name>End Use: Fuel Oil: Fireplace MBtu</name>
      <display_name>End Use: Fuel Oil: Fireplace MBtu</display_name>
      <short_name>End Use: Fuel Oil: Fireplace MBtu</short_name>
      <description></description>
      <type>Double</type>
      <units></units>
      <model_dependent>false</model_dependent>
    </output>
    <output>
      <name>End Use: Fuel Oil: Generator MBtu</name>
      <display_name>End Use: Fuel Oil: Generator MBtu</display_name>
      <short_name>End Use: Fuel Oil: Generator MBtu</short_name>
      <description></description>
      <type>Double</type>
      <units></units>
      <model_dependent>false</model_dependent>
    </output>
    <output>
      <name>End Use: Propane: Heating MBtu</name>
      <display_name>End Use: Propane: Heating MBtu</display_name>
      <short_name>End Use: Propane: Heating MBtu</short_name>
      <description></description>
      <type>Double</type>
      <units></units>
      <model_dependent>false</model_dependent>
    </output>
    <output>
      <name>End Use: Propane: Hot Water MBtu</name>
      <display_name>End Use: Propane: Hot Water MBtu</display_name>
      <short_name>End Use: Propane: Hot Water MBtu</short_name>
      <description></description>
      <type>Double</type>
      <units></units>
      <model_dependent>false</model_dependent>
    </output>
    <output>
      <name>End Use: Propane: Clothes Dryer MBtu</name>
      <display_name>End Use: Propane: Clothes Dryer MBtu</display_name>
      <short_name>End Use: Propane: Clothes Dryer MBtu</short_name>
      <description></description>
      <type>Double</type>
      <units></units>
      <model_dependent>false</model_dependent>
    </output>
    <output>
      <name>End Use: Propane: Range/Oven MBtu</name>
      <display_name>End Use: Propane: Range/Oven MBtu</display_name>
      <short_name>End Use: Propane: Range/Oven MBtu</short_name>
      <description></description>
      <type>Double</type>
      <units></units>
      <model_dependent>false</model_dependent>
    </output>
    <output>
      <name>End Use: Propane: Mech Vent Preheating MBtu</name>
      <display_name>End Use: Propane: Mech Vent Preheating MBtu</display_name>
      <short_name>End Use: Propane: Mech Vent Preheating MBtu</short_name>
      <description></description>
      <type>Double</type>
      <units></units>
      <model_dependent>false</model_dependent>
    </output>
    <output>
      <name>End Use: Propane: Grill MBtu</name>
      <display_name>End Use: Propane: Grill MBtu</display_name>
      <short_name>End Use: Propane: Grill MBtu</short_name>
      <description></description>
      <type>Double</type>
      <units></units>
      <model_dependent>false</model_dependent>
    </output>
    <output>
      <name>End Use: Propane: Lighting MBtu</name>
      <display_name>End Use: Propane: Lighting MBtu</display_name>
      <short_name>End Use: Propane: Lighting MBtu</short_name>
      <description></description>
      <type>Double</type>
      <units></units>
      <model_dependent>false</model_dependent>
    </output>
    <output>
      <name>End Use: Propane: Fireplace MBtu</name>
      <display_name>End Use: Propane: Fireplace MBtu</display_name>
      <short_name>End Use: Propane: Fireplace MBtu</short_name>
      <description></description>
      <type>Double</type>
      <units></units>
      <model_dependent>false</model_dependent>
    </output>
    <output>
      <name>End Use: Propane: Generator MBtu</name>
      <display_name>End Use: Propane: Generator MBtu</display_name>
      <short_name>End Use: Propane: Generator MBtu</short_name>
      <description></description>
      <type>Double</type>
      <units></units>
      <model_dependent>false</model_dependent>
    </output>
    <output>
      <name>End Use: Wood Cord: Heating MBtu</name>
      <display_name>End Use: Wood Cord: Heating MBtu</display_name>
      <short_name>End Use: Wood Cord: Heating MBtu</short_name>
      <description></description>
      <type>Double</type>
      <units></units>
      <model_dependent>false</model_dependent>
    </output>
    <output>
      <name>End Use: Wood Cord: Hot Water MBtu</name>
      <display_name>End Use: Wood Cord: Hot Water MBtu</display_name>
      <short_name>End Use: Wood Cord: Hot Water MBtu</short_name>
      <description></description>
      <type>Double</type>
      <units></units>
      <model_dependent>false</model_dependent>
    </output>
    <output>
      <name>End Use: Wood Cord: Clothes Dryer MBtu</name>
      <display_name>End Use: Wood Cord: Clothes Dryer MBtu</display_name>
      <short_name>End Use: Wood Cord: Clothes Dryer MBtu</short_name>
      <description></description>
      <type>Double</type>
      <units></units>
      <model_dependent>false</model_dependent>
    </output>
    <output>
      <name>End Use: Wood Cord: Range/Oven MBtu</name>
      <display_name>End Use: Wood Cord: Range/Oven MBtu</display_name>
      <short_name>End Use: Wood Cord: Range/Oven MBtu</short_name>
      <description></description>
      <type>Double</type>
      <units></units>
      <model_dependent>false</model_dependent>
    </output>
    <output>
      <name>End Use: Wood Cord: Mech Vent Preheating MBtu</name>
      <display_name>End Use: Wood Cord: Mech Vent Preheating MBtu</display_name>
      <short_name>End Use: Wood Cord: Mech Vent Preheating MBtu</short_name>
      <description></description>
      <type>Double</type>
      <units></units>
      <model_dependent>false</model_dependent>
    </output>
    <output>
      <name>End Use: Wood Cord: Grill MBtu</name>
      <display_name>End Use: Wood Cord: Grill MBtu</display_name>
      <short_name>End Use: Wood Cord: Grill MBtu</short_name>
      <description></description>
      <type>Double</type>
      <units></units>
      <model_dependent>false</model_dependent>
    </output>
    <output>
      <name>End Use: Wood Cord: Lighting MBtu</name>
      <display_name>End Use: Wood Cord: Lighting MBtu</display_name>
      <short_name>End Use: Wood Cord: Lighting MBtu</short_name>
      <description></description>
      <type>Double</type>
      <units></units>
      <model_dependent>false</model_dependent>
    </output>
    <output>
      <name>End Use: Wood Cord: Fireplace MBtu</name>
      <display_name>End Use: Wood Cord: Fireplace MBtu</display_name>
      <short_name>End Use: Wood Cord: Fireplace MBtu</short_name>
      <description></description>
      <type>Double</type>
      <units></units>
      <model_dependent>false</model_dependent>
    </output>
    <output>
      <name>End Use: Wood Cord: Generator MBtu</name>
      <display_name>End Use: Wood Cord: Generator MBtu</display_name>
      <short_name>End Use: Wood Cord: Generator MBtu</short_name>
      <description></description>
      <type>Double</type>
      <units></units>
      <model_dependent>false</model_dependent>
    </output>
    <output>
      <name>End Use: Wood Pellets: Heating MBtu</name>
      <display_name>End Use: Wood Pellets: Heating MBtu</display_name>
      <short_name>End Use: Wood Pellets: Heating MBtu</short_name>
      <description></description>
      <type>Double</type>
      <units></units>
      <model_dependent>false</model_dependent>
    </output>
    <output>
      <name>End Use: Wood Pellets: Hot Water MBtu</name>
      <display_name>End Use: Wood Pellets: Hot Water MBtu</display_name>
      <short_name>End Use: Wood Pellets: Hot Water MBtu</short_name>
      <description></description>
      <type>Double</type>
      <units></units>
      <model_dependent>false</model_dependent>
    </output>
    <output>
      <name>End Use: Wood Pellets: Clothes Dryer MBtu</name>
      <display_name>End Use: Wood Pellets: Clothes Dryer MBtu</display_name>
      <short_name>End Use: Wood Pellets: Clothes Dryer MBtu</short_name>
      <description></description>
      <type>Double</type>
      <units></units>
      <model_dependent>false</model_dependent>
    </output>
    <output>
      <name>End Use: Wood Pellets: Range/Oven MBtu</name>
      <display_name>End Use: Wood Pellets: Range/Oven MBtu</display_name>
      <short_name>End Use: Wood Pellets: Range/Oven MBtu</short_name>
      <description></description>
      <type>Double</type>
      <units></units>
      <model_dependent>false</model_dependent>
    </output>
    <output>
      <name>End Use: Wood Pellets: Mech Vent Preheating MBtu</name>
      <display_name>End Use: Wood Pellets: Mech Vent Preheating MBtu</display_name>
      <short_name>End Use: Wood Pellets: Mech Vent Preheating MBtu</short_name>
      <description></description>
      <type>Double</type>
      <units></units>
      <model_dependent>false</model_dependent>
    </output>
    <output>
      <name>End Use: Wood Pellets: Grill MBtu</name>
      <display_name>End Use: Wood Pellets: Grill MBtu</display_name>
      <short_name>End Use: Wood Pellets: Grill MBtu</short_name>
      <description></description>
      <type>Double</type>
      <units></units>
      <model_dependent>false</model_dependent>
    </output>
    <output>
      <name>End Use: Wood Pellets: Lighting MBtu</name>
      <display_name>End Use: Wood Pellets: Lighting MBtu</display_name>
      <short_name>End Use: Wood Pellets: Lighting MBtu</short_name>
      <description></description>
      <type>Double</type>
      <units></units>
      <model_dependent>false</model_dependent>
    </output>
    <output>
      <name>End Use: Wood Pellets: Fireplace MBtu</name>
      <display_name>End Use: Wood Pellets: Fireplace MBtu</display_name>
      <short_name>End Use: Wood Pellets: Fireplace MBtu</short_name>
      <description></description>
      <type>Double</type>
      <units></units>
      <model_dependent>false</model_dependent>
    </output>
    <output>
      <name>End Use: Wood Pellets: Generator MBtu</name>
      <display_name>End Use: Wood Pellets: Generator MBtu</display_name>
      <short_name>End Use: Wood Pellets: Generator MBtu</short_name>
      <description></description>
      <type>Double</type>
      <units></units>
      <model_dependent>false</model_dependent>
    </output>
    <output>
      <name>End Use: Coal: Heating MBtu</name>
      <display_name>End Use: Coal: Heating MBtu</display_name>
      <short_name>End Use: Coal: Heating MBtu</short_name>
      <description></description>
      <type>Double</type>
      <units></units>
      <model_dependent>false</model_dependent>
    </output>
    <output>
      <name>End Use: Coal: Hot Water MBtu</name>
      <display_name>End Use: Coal: Hot Water MBtu</display_name>
      <short_name>End Use: Coal: Hot Water MBtu</short_name>
      <description></description>
      <type>Double</type>
      <units></units>
      <model_dependent>false</model_dependent>
    </output>
    <output>
      <name>End Use: Coal: Clothes Dryer MBtu</name>
      <display_name>End Use: Coal: Clothes Dryer MBtu</display_name>
      <short_name>End Use: Coal: Clothes Dryer MBtu</short_name>
      <description></description>
      <type>Double</type>
      <units></units>
      <model_dependent>false</model_dependent>
    </output>
    <output>
      <name>End Use: Coal: Range/Oven MBtu</name>
      <display_name>End Use: Coal: Range/Oven MBtu</display_name>
      <short_name>End Use: Coal: Range/Oven MBtu</short_name>
      <description></description>
      <type>Double</type>
      <units></units>
      <model_dependent>false</model_dependent>
    </output>
    <output>
      <name>End Use: Coal: Mech Vent Preheating MBtu</name>
      <display_name>End Use: Coal: Mech Vent Preheating MBtu</display_name>
      <short_name>End Use: Coal: Mech Vent Preheating MBtu</short_name>
      <description></description>
      <type>Double</type>
      <units></units>
      <model_dependent>false</model_dependent>
    </output>
    <output>
      <name>End Use: Coal: Grill MBtu</name>
      <display_name>End Use: Coal: Grill MBtu</display_name>
      <short_name>End Use: Coal: Grill MBtu</short_name>
      <description></description>
      <type>Double</type>
      <units></units>
      <model_dependent>false</model_dependent>
    </output>
    <output>
      <name>End Use: Coal: Lighting MBtu</name>
      <display_name>End Use: Coal: Lighting MBtu</display_name>
      <short_name>End Use: Coal: Lighting MBtu</short_name>
      <description></description>
      <type>Double</type>
      <units></units>
      <model_dependent>false</model_dependent>
    </output>
    <output>
      <name>End Use: Coal: Fireplace MBtu</name>
      <display_name>End Use: Coal: Fireplace MBtu</display_name>
      <short_name>End Use: Coal: Fireplace MBtu</short_name>
      <description></description>
      <type>Double</type>
      <units></units>
      <model_dependent>false</model_dependent>
    </output>
    <output>
      <name>End Use: Coal: Generator MBtu</name>
      <display_name>End Use: Coal: Generator MBtu</display_name>
      <short_name>End Use: Coal: Generator MBtu</short_name>
      <description></description>
      <type>Double</type>
      <units></units>
      <model_dependent>false</model_dependent>
    </output>
    <output>
      <name>Load: Heating MBtu</name>
      <display_name>Load: Heating MBtu</display_name>
      <short_name>Load: Heating MBtu</short_name>
      <description></description>
      <type>Double</type>
      <units></units>
      <model_dependent>false</model_dependent>
    </output>
    <output>
      <name>Load: Cooling MBtu</name>
      <display_name>Load: Cooling MBtu</display_name>
      <short_name>Load: Cooling MBtu</short_name>
      <description></description>
      <type>Double</type>
      <units></units>
      <model_dependent>false</model_dependent>
    </output>
    <output>
      <name>Load: Hot Water: Delivered MBtu</name>
      <display_name>Load: Hot Water: Delivered MBtu</display_name>
      <short_name>Load: Hot Water: Delivered MBtu</short_name>
      <description></description>
      <type>Double</type>
      <units></units>
      <model_dependent>false</model_dependent>
    </output>
    <output>
      <name>Load: Hot Water: Tank Losses MBtu</name>
      <display_name>Load: Hot Water: Tank Losses MBtu</display_name>
      <short_name>Load: Hot Water: Tank Losses MBtu</short_name>
      <description></description>
      <type>Double</type>
      <units></units>
      <model_dependent>false</model_dependent>
    </output>
    <output>
      <name>Load: Hot Water: Desuperheater MBtu</name>
      <display_name>Load: Hot Water: Desuperheater MBtu</display_name>
      <short_name>Load: Hot Water: Desuperheater MBtu</short_name>
      <description></description>
      <type>Double</type>
      <units></units>
      <model_dependent>false</model_dependent>
    </output>
    <output>
      <name>Load: Hot Water: Solar Thermal MBtu</name>
      <display_name>Load: Hot Water: Solar Thermal MBtu</display_name>
      <short_name>Load: Hot Water: Solar Thermal MBtu</short_name>
      <description></description>
      <type>Double</type>
      <units></units>
      <model_dependent>false</model_dependent>
    </output>
    <output>
      <name>Unmet Load: Heating MBtu</name>
      <display_name>Unmet Load: Heating MBtu</display_name>
      <short_name>Unmet Load: Heating MBtu</short_name>
      <description></description>
      <type>Double</type>
      <units></units>
      <model_dependent>false</model_dependent>
    </output>
    <output>
      <name>Unmet Load: Cooling MBtu</name>
      <display_name>Unmet Load: Cooling MBtu</display_name>
      <short_name>Unmet Load: Cooling MBtu</short_name>
      <description></description>
      <type>Double</type>
      <units></units>
      <model_dependent>false</model_dependent>
    </output>
    <output>
      <name>Peak Electricity: Winter Total W</name>
      <display_name>Peak Electricity: Winter Total W</display_name>
      <short_name>Peak Electricity: Winter Total W</short_name>
      <description></description>
      <type>Double</type>
      <units></units>
      <model_dependent>false</model_dependent>
    </output>
    <output>
      <name>Peak Electricity: Summer Total W</name>
      <display_name>Peak Electricity: Summer Total W</display_name>
      <short_name>Peak Electricity: Summer Total W</short_name>
      <description></description>
      <type>Double</type>
      <units></units>
      <model_dependent>false</model_dependent>
    </output>
    <output>
      <name>Peak Load: Heating kBtu</name>
      <display_name>Peak Load: Heating kBtu</display_name>
      <short_name>Peak Load: Heating kBtu</short_name>
      <description></description>
      <type>Double</type>
      <units></units>
      <model_dependent>false</model_dependent>
    </output>
    <output>
      <name>Peak Load: Cooling kBtu</name>
      <display_name>Peak Load: Cooling kBtu</display_name>
      <short_name>Peak Load: Cooling kBtu</short_name>
      <description></description>
      <type>Double</type>
      <units></units>
      <model_dependent>false</model_dependent>
    </output>
    <output>
      <name>Component Load: Heating: Roofs MBtu</name>
      <display_name>Component Load: Heating: Roofs MBtu</display_name>
      <short_name>Component Load: Heating: Roofs MBtu</short_name>
      <description></description>
      <type>Double</type>
      <units></units>
      <model_dependent>false</model_dependent>
    </output>
    <output>
      <name>Component Load: Heating: Ceilings MBtu</name>
      <display_name>Component Load: Heating: Ceilings MBtu</display_name>
      <short_name>Component Load: Heating: Ceilings MBtu</short_name>
      <description></description>
      <type>Double</type>
      <units></units>
      <model_dependent>false</model_dependent>
    </output>
    <output>
      <name>Component Load: Heating: Walls MBtu</name>
      <display_name>Component Load: Heating: Walls MBtu</display_name>
      <short_name>Component Load: Heating: Walls MBtu</short_name>
      <description></description>
      <type>Double</type>
      <units></units>
      <model_dependent>false</model_dependent>
    </output>
    <output>
      <name>Component Load: Heating: Rim Joists MBtu</name>
      <display_name>Component Load: Heating: Rim Joists MBtu</display_name>
      <short_name>Component Load: Heating: Rim Joists MBtu</short_name>
      <description></description>
      <type>Double</type>
      <units></units>
      <model_dependent>false</model_dependent>
    </output>
    <output>
      <name>Component Load: Heating: Foundation Walls MBtu</name>
      <display_name>Component Load: Heating: Foundation Walls MBtu</display_name>
      <short_name>Component Load: Heating: Foundation Walls MBtu</short_name>
      <description></description>
      <type>Double</type>
      <units></units>
      <model_dependent>false</model_dependent>
    </output>
    <output>
      <name>Component Load: Heating: Doors MBtu</name>
      <display_name>Component Load: Heating: Doors MBtu</display_name>
      <short_name>Component Load: Heating: Doors MBtu</short_name>
      <description></description>
      <type>Double</type>
      <units></units>
      <model_dependent>false</model_dependent>
    </output>
    <output>
      <name>Component Load: Heating: Windows MBtu</name>
      <display_name>Component Load: Heating: Windows MBtu</display_name>
      <short_name>Component Load: Heating: Windows MBtu</short_name>
      <description></description>
      <type>Double</type>
      <units></units>
      <model_dependent>false</model_dependent>
    </output>
    <output>
      <name>Component Load: Heating: Skylights MBtu</name>
      <display_name>Component Load: Heating: Skylights MBtu</display_name>
      <short_name>Component Load: Heating: Skylights MBtu</short_name>
      <description></description>
      <type>Double</type>
      <units></units>
      <model_dependent>false</model_dependent>
    </output>
    <output>
      <name>Component Load: Heating: Floors MBtu</name>
      <display_name>Component Load: Heating: Floors MBtu</display_name>
      <short_name>Component Load: Heating: Floors MBtu</short_name>
      <description></description>
      <type>Double</type>
      <units></units>
      <model_dependent>false</model_dependent>
    </output>
    <output>
      <name>Component Load: Heating: Slabs MBtu</name>
      <display_name>Component Load: Heating: Slabs MBtu</display_name>
      <short_name>Component Load: Heating: Slabs MBtu</short_name>
      <description></description>
      <type>Double</type>
      <units></units>
      <model_dependent>false</model_dependent>
    </output>
    <output>
      <name>Component Load: Heating: Internal Mass MBtu</name>
      <display_name>Component Load: Heating: Internal Mass MBtu</display_name>
      <short_name>Component Load: Heating: Internal Mass MBtu</short_name>
      <description></description>
      <type>Double</type>
      <units></units>
      <model_dependent>false</model_dependent>
    </output>
    <output>
      <name>Component Load: Heating: Infiltration MBtu</name>
      <display_name>Component Load: Heating: Infiltration MBtu</display_name>
      <short_name>Component Load: Heating: Infiltration MBtu</short_name>
      <description></description>
      <type>Double</type>
      <units></units>
      <model_dependent>false</model_dependent>
    </output>
    <output>
      <name>Component Load: Heating: Natural Ventilation MBtu</name>
      <display_name>Component Load: Heating: Natural Ventilation MBtu</display_name>
      <short_name>Component Load: Heating: Natural Ventilation MBtu</short_name>
      <description></description>
      <type>Double</type>
      <units></units>
      <model_dependent>false</model_dependent>
    </output>
    <output>
      <name>Component Load: Heating: Mechanical Ventilation MBtu</name>
      <display_name>Component Load: Heating: Mechanical Ventilation MBtu</display_name>
      <short_name>Component Load: Heating: Mechanical Ventilation MBtu</short_name>
      <description></description>
      <type>Double</type>
      <units></units>
      <model_dependent>false</model_dependent>
    </output>
    <output>
      <name>Component Load: Heating: Whole House Fan MBtu</name>
      <display_name>Component Load: Heating: Whole House Fan MBtu</display_name>
      <short_name>Component Load: Heating: Whole House Fan MBtu</short_name>
      <description></description>
      <type>Double</type>
      <units></units>
      <model_dependent>false</model_dependent>
    </output>
    <output>
      <name>Component Load: Heating: Ducts MBtu</name>
      <display_name>Component Load: Heating: Ducts MBtu</display_name>
      <short_name>Component Load: Heating: Ducts MBtu</short_name>
      <description></description>
      <type>Double</type>
      <units></units>
      <model_dependent>false</model_dependent>
    </output>
    <output>
      <name>Component Load: Heating: Internal Gains MBtu</name>
      <display_name>Component Load: Heating: Internal Gains MBtu</display_name>
      <short_name>Component Load: Heating: Internal Gains MBtu</short_name>
      <description></description>
      <type>Double</type>
      <units></units>
      <model_dependent>false</model_dependent>
    </output>
    <output>
      <name>Component Load: Cooling: Roofs MBtu</name>
      <display_name>Component Load: Cooling: Roofs MBtu</display_name>
      <short_name>Component Load: Cooling: Roofs MBtu</short_name>
      <description></description>
      <type>Double</type>
      <units></units>
      <model_dependent>false</model_dependent>
    </output>
    <output>
      <name>Component Load: Cooling: Ceilings MBtu</name>
      <display_name>Component Load: Cooling: Ceilings MBtu</display_name>
      <short_name>Component Load: Cooling: Ceilings MBtu</short_name>
      <description></description>
      <type>Double</type>
      <units></units>
      <model_dependent>false</model_dependent>
    </output>
    <output>
      <name>Component Load: Cooling: Walls MBtu</name>
      <display_name>Component Load: Cooling: Walls MBtu</display_name>
      <short_name>Component Load: Cooling: Walls MBtu</short_name>
      <description></description>
      <type>Double</type>
      <units></units>
      <model_dependent>false</model_dependent>
    </output>
    <output>
      <name>Component Load: Cooling: Rim Joists MBtu</name>
      <display_name>Component Load: Cooling: Rim Joists MBtu</display_name>
      <short_name>Component Load: Cooling: Rim Joists MBtu</short_name>
      <description></description>
      <type>Double</type>
      <units></units>
      <model_dependent>false</model_dependent>
    </output>
    <output>
      <name>Component Load: Cooling: Foundation Walls MBtu</name>
      <display_name>Component Load: Cooling: Foundation Walls MBtu</display_name>
      <short_name>Component Load: Cooling: Foundation Walls MBtu</short_name>
      <description></description>
      <type>Double</type>
      <units></units>
      <model_dependent>false</model_dependent>
    </output>
    <output>
      <name>Component Load: Cooling: Doors MBtu</name>
      <display_name>Component Load: Cooling: Doors MBtu</display_name>
      <short_name>Component Load: Cooling: Doors MBtu</short_name>
      <description></description>
      <type>Double</type>
      <units></units>
      <model_dependent>false</model_dependent>
    </output>
    <output>
      <name>Component Load: Cooling: Windows MBtu</name>
      <display_name>Component Load: Cooling: Windows MBtu</display_name>
      <short_name>Component Load: Cooling: Windows MBtu</short_name>
      <description></description>
      <type>Double</type>
      <units></units>
      <model_dependent>false</model_dependent>
    </output>
    <output>
      <name>Component Load: Cooling: Skylights MBtu</name>
      <display_name>Component Load: Cooling: Skylights MBtu</display_name>
      <short_name>Component Load: Cooling: Skylights MBtu</short_name>
      <description></description>
      <type>Double</type>
      <units></units>
      <model_dependent>false</model_dependent>
    </output>
    <output>
      <name>Component Load: Cooling: Floors MBtu</name>
      <display_name>Component Load: Cooling: Floors MBtu</display_name>
      <short_name>Component Load: Cooling: Floors MBtu</short_name>
      <description></description>
      <type>Double</type>
      <units></units>
      <model_dependent>false</model_dependent>
    </output>
    <output>
      <name>Component Load: Cooling: Slabs MBtu</name>
      <display_name>Component Load: Cooling: Slabs MBtu</display_name>
      <short_name>Component Load: Cooling: Slabs MBtu</short_name>
      <description></description>
      <type>Double</type>
      <units></units>
      <model_dependent>false</model_dependent>
    </output>
    <output>
      <name>Component Load: Cooling: Internal Mass MBtu</name>
      <display_name>Component Load: Cooling: Internal Mass MBtu</display_name>
      <short_name>Component Load: Cooling: Internal Mass MBtu</short_name>
      <description></description>
      <type>Double</type>
      <units></units>
      <model_dependent>false</model_dependent>
    </output>
    <output>
      <name>Component Load: Cooling: Infiltration MBtu</name>
      <display_name>Component Load: Cooling: Infiltration MBtu</display_name>
      <short_name>Component Load: Cooling: Infiltration MBtu</short_name>
      <description></description>
      <type>Double</type>
      <units></units>
      <model_dependent>false</model_dependent>
    </output>
    <output>
      <name>Component Load: Cooling: Natural Ventilation MBtu</name>
      <display_name>Component Load: Cooling: Natural Ventilation MBtu</display_name>
      <short_name>Component Load: Cooling: Natural Ventilation MBtu</short_name>
      <description></description>
      <type>Double</type>
      <units></units>
      <model_dependent>false</model_dependent>
    </output>
    <output>
      <name>Component Load: Cooling: Mechanical Ventilation MBtu</name>
      <display_name>Component Load: Cooling: Mechanical Ventilation MBtu</display_name>
      <short_name>Component Load: Cooling: Mechanical Ventilation MBtu</short_name>
      <description></description>
      <type>Double</type>
      <units></units>
      <model_dependent>false</model_dependent>
    </output>
    <output>
      <name>Component Load: Cooling: Whole House Fan MBtu</name>
      <display_name>Component Load: Cooling: Whole House Fan MBtu</display_name>
      <short_name>Component Load: Cooling: Whole House Fan MBtu</short_name>
      <description></description>
      <type>Double</type>
      <units></units>
      <model_dependent>false</model_dependent>
    </output>
    <output>
      <name>Component Load: Cooling: Ducts MBtu</name>
      <display_name>Component Load: Cooling: Ducts MBtu</display_name>
      <short_name>Component Load: Cooling: Ducts MBtu</short_name>
      <description></description>
      <type>Double</type>
      <units></units>
      <model_dependent>false</model_dependent>
    </output>
    <output>
      <name>Component Load: Cooling: Internal Gains MBtu</name>
      <display_name>Component Load: Cooling: Internal Gains MBtu</display_name>
      <short_name>Component Load: Cooling: Internal Gains MBtu</short_name>
      <description></description>
      <type>Double</type>
      <units></units>
      <model_dependent>false</model_dependent>
    </output>
    <output>
      <name>Hot Water: Clothes Washer gal</name>
      <display_name>Hot Water: Clothes Washer gal</display_name>
      <short_name>Hot Water: Clothes Washer gal</short_name>
      <description></description>
      <type>Double</type>
      <units></units>
      <model_dependent>false</model_dependent>
    </output>
    <output>
      <name>Hot Water: Dishwasher gal</name>
      <display_name>Hot Water: Dishwasher gal</display_name>
      <short_name>Hot Water: Dishwasher gal</short_name>
      <description></description>
      <type>Double</type>
      <units></units>
      <model_dependent>false</model_dependent>
    </output>
    <output>
      <name>Hot Water: Fixtures gal</name>
      <display_name>Hot Water: Fixtures gal</display_name>
      <short_name>Hot Water: Fixtures gal</short_name>
      <description></description>
      <type>Double</type>
      <units></units>
      <model_dependent>false</model_dependent>
    </output>
    <output>
      <name>Hot Water: Distribution Waste gal</name>
      <display_name>Hot Water: Distribution Waste gal</display_name>
      <short_name>Hot Water: Distribution Waste gal</short_name>
      <description></description>
      <type>Double</type>
      <units></units>
      <model_dependent>false</model_dependent>
    </output>
  </outputs>
  <provenances />
  <tags>
    <tag>Reporting.QAQC</tag>
  </tags>
  <attributes>
    <attribute>
      <name>Measure Type</name>
      <value>ReportingMeasure</value>
      <datatype>string</datatype>
    </attribute>
    <attribute>
      <name>Intended Software Tool</name>
      <value>OpenStudio Application</value>
      <datatype>string</datatype>
    </attribute>
    <attribute>
      <name>Intended Software Tool</name>
      <value>Parametric Analysis Tool</value>
      <datatype>string</datatype>
    </attribute>
  </attributes>
  <files>
    <file>
      <version>
        <software_program>OpenStudio</software_program>
        <identifier>2.9.1</identifier>
        <min_compatible>2.9.1</min_compatible>
      </version>
      <filename>measure.rb</filename>
      <filetype>rb</filetype>
      <usage_type>script</usage_type>
      <checksum>92B441C8</checksum>
    </file>
    <file>
      <filename>output_report_test.rb</filename>
      <filetype>rb</filetype>
      <usage_type>test</usage_type>
      <checksum>3512A07E</checksum>
    </file>
  </files>
</measure>
