<?xml version="1.0"?>
<measure>
  <schema_version>3.0</schema_version>
  <name>report_hpxml_output</name>
  <uid>9561a0d7-60ad-48c5-8337-2461df044d80</uid>
  <version_id>1f5b7b8c-a3aa-473a-bffb-721aa093a30c</version_id>
  <version_modified>20220706T191519Z</version_modified>
  <xml_checksum>9BF1E6AC</xml_checksum>
  <class_name>ReportHPXMLOutput</class_name>
  <display_name>HPXML Output Report</display_name>
  <description>Reports HPXML outputs for residential HPXML-based models.</description>
  <modeler_description>Parses the HPXML file and reports pre-defined outputs.</modeler_description>
  <arguments>
    <argument>
      <name>output_format</name>
      <display_name>Output Format</display_name>
      <description>The file format of the annual (and timeseries, if requested) outputs.</description>
      <type>Choice</type>
      <required>false</required>
      <model_dependent>false</model_dependent>
      <default_value>csv</default_value>
      <choices>
        <choice>
          <value>csv</value>
          <display_name>csv</display_name>
        </choice>
        <choice>
          <value>json</value>
          <display_name>json</display_name>
        </choice>
        <choice>
          <value>msgpack</value>
          <display_name>msgpack</display_name>
        </choice>
      </choices>
    </argument>
  </arguments>
  <outputs />
  <provenances />
  <tags>
    <tag>Reporting.QAQC</tag>
  </tags>
  <attributes>
    <attribute>
      <name>Measure Type</name>
      <value>ReportingMeasure</value>
      <datatype>string</datatype>
    </attribute>
    <attribute>
      <name>Intended Software Tool</name>
      <value>OpenStudio Application</value>
      <datatype>string</datatype>
    </attribute>
    <attribute>
      <name>Intended Software Tool</name>
      <value>Parametric Analysis Tool</value>
      <datatype>string</datatype>
    </attribute>
  </attributes>
  <files>
    <file>
      <filename>hpxml_output_report_test.rb</filename>
      <filetype>rb</filetype>
      <usage_type>test</usage_type>
      <checksum>789AD0D9</checksum>
    </file>
    <file>
      <filename>constants.rb</filename>
      <filetype>rb</filetype>
      <usage_type>resource</usage_type>
      <checksum>084AB878</checksum>
    </file>
    <file>
      <version>
        <software_program>OpenStudio</software_program>
        <identifier>3.2.0</identifier>
        <min_compatible>3.2.0</min_compatible>
      </version>
      <filename>measure.rb</filename>
      <filetype>rb</filetype>
      <usage_type>script</usage_type>
      <checksum>A49E39AF</checksum>
    </file>
  </files>
</measure>
