<?xml version="1.0"?>
<measure>
  <schema_version>3.0</schema_version>
  <name>hpxm_lto_openstudio</name>
  <uid>b1543b30-9465-45ff-ba04-1d1f85e763bc</uid>
  <version_id>f661da4a-4a20-4b85-91aa-faeb97cd23c3</version_id>
  <version_modified>20220719T191443Z</version_modified>
  <xml_checksum>D8922A73</xml_checksum>
  <class_name>HPXMLtoOpenStudio</class_name>
  <display_name>HPXML to OpenStudio Translator</display_name>
  <description>Translates HPXML file to OpenStudio Model</description>
  <modeler_description>TODO</modeler_description>
  <arguments>
    <argument>
      <name>hpxml_path</name>
      <display_name>HPXML File Path</display_name>
      <description>Absolute/relative path of the HPXML file.</description>
      <type>String</type>
      <required>true</required>
      <model_dependent>false</model_dependent>
    </argument>
    <argument>
      <name>output_dir</name>
      <display_name>Directory for Output Files</display_name>
      <description>Absolute/relative path for the output files directory.</description>
      <type>String</type>
      <required>true</required>
      <model_dependent>false</model_dependent>
    </argument>
    <argument>
      <name>debug</name>
      <display_name>Debug Mode?</display_name>
      <description>If true: 1) Writes in.osm file, 2) Generates additional log output, and 3) Creates all EnergyPlus output files.</description>
      <type>Boolean</type>
      <required>false</required>
      <model_dependent>false</model_dependent>
      <default_value>false</default_value>
      <choices>
        <choice>
          <value>true</value>
          <display_name>true</display_name>
        </choice>
        <choice>
          <value>false</value>
          <display_name>false</display_name>
        </choice>
      </choices>
    </argument>
    <argument>
      <name>add_component_loads</name>
      <display_name>Add component loads?</display_name>
      <description>If true, adds the calculation of heating/cooling component loads (not enabled by default for faster performance).</description>
      <type>Boolean</type>
      <required>false</required>
      <model_dependent>false</model_dependent>
      <default_value>false</default_value>
      <choices>
        <choice>
          <value>true</value>
          <display_name>true</display_name>
        </choice>
        <choice>
          <value>false</value>
          <display_name>false</display_name>
        </choice>
      </choices>
    </argument>
    <argument>
      <name>skip_validation</name>
      <display_name>Skip Validation?</display_name>
      <description>If true, bypasses HPXML input validation for faster performance. WARNING: This should only be used if the supplied HPXML file has already been validated against the Schema &amp; Schematron documents.</description>
      <type>Boolean</type>
      <required>false</required>
      <model_dependent>false</model_dependent>
      <default_value>false</default_value>
      <choices>
        <choice>
          <value>true</value>
          <display_name>true</display_name>
        </choice>
        <choice>
          <value>false</value>
          <display_name>false</display_name>
        </choice>
      </choices>
    </argument>
    <argument>
      <name>building_id</name>
      <display_name>BuildingID</display_name>
      <description>The ID of the HPXML Building. Only required if there are multiple Building elements in the HPXML file.</description>
      <type>String</type>
      <required>false</required>
      <model_dependent>false</model_dependent>
    </argument>
  </arguments>
  <outputs />
  <provenances />
  <tags>
    <tag>Whole Building.Space Types</tag>
  </tags>
  <attributes>
    <attribute>
      <name>Measure Type</name>
      <value>ModelMeasure</value>
      <datatype>string</datatype>
    </attribute>
    <attribute>
      <name>Intended Software Tool</name>
      <value>Apply Measure Now</value>
      <datatype>string</datatype>
    </attribute>
    <attribute>
      <name>Intended Software Tool</name>
      <value>OpenStudio Application</value>
      <datatype>string</datatype>
    </attribute>
    <attribute>
      <name>Intended Software Tool</name>
      <value>Parametric Analysis Tool</value>
      <datatype>string</datatype>
    </attribute>
  </attributes>
  <files>
    <file>
      <filename>psychrometrics.rb</filename>
      <filetype>rb</filetype>
      <usage_type>resource</usage_type>
      <checksum>38ED685E</checksum>
    </file>
    <file>
      <filename>generator.rb</filename>
      <filetype>rb</filetype>
      <usage_type>resource</usage_type>
      <checksum>FC0A4F2E</checksum>
    </file>
    <file>
      <filename>validator.rb</filename>
      <filetype>rb</filetype>
      <usage_type>resource</usage_type>
      <checksum>BF53D293</checksum>
    </file>
    <file>
      <filename>util.rb</filename>
      <filetype>rb</filetype>
      <usage_type>test</usage_type>
      <checksum>D22025B3</checksum>
    </file>
    <file>
      <filename>energyplus.rb</filename>
      <filetype>rb</filetype>
      <usage_type>resource</usage_type>
      <checksum>64E3EB57</checksum>
    </file>
    <file>
      <filename>test_pv.rb</filename>
      <filetype>rb</filetype>
      <usage_type>test</usage_type>
      <checksum>C5872A36</checksum>
    </file>
    <file>
      <filename>test_generator.rb</filename>
      <filetype>rb</filetype>
      <usage_type>test</usage_type>
      <checksum>61E63336</checksum>
    </file>
    <file>
      <filename>pv.rb</filename>
      <filetype>rb</filetype>
      <usage_type>resource</usage_type>
      <checksum>04E10882</checksum>
    </file>
    <file>
      <filename>data/ashrae_622_wsf.csv</filename>
      <filetype>csv</filetype>
      <usage_type>resource</usage_type>
      <checksum>308F75BA</checksum>
    </file>
    <file>
      <filename>data/climate_zones.csv</filename>
      <filetype>csv</filetype>
      <usage_type>resource</usage_type>
      <checksum>63C6A1E2</checksum>
    </file>
    <file>
      <filename>data/hvac_equipment_efficiency.csv</filename>
      <filetype>csv</filetype>
      <usage_type>resource</usage_type>
      <checksum>3765993A</checksum>
    </file>
    <file>
      <filename>data/water_heater_efficiency.csv</filename>
      <filetype>csv</filetype>
      <usage_type>resource</usage_type>
      <checksum>9EC3B4D6</checksum>
    </file>
    <file>
      <filename>misc_loads.rb</filename>
      <filetype>rb</filetype>
      <usage_type>resource</usage_type>
      <checksum>AA7FE1A7</checksum>
    </file>
    <file>
      <filename>util.rb</filename>
      <filetype>rb</filetype>
      <usage_type>resource</usage_type>
      <checksum>AE6C2F42</checksum>
    </file>
    <file>
      <filename>minitest_helper.rb</filename>
      <filetype>rb</filetype>
      <usage_type>resource</usage_type>
      <checksum>CDB0A906</checksum>
    </file>
    <file>
      <filename>data/cambium/README.md</filename>
      <filetype>md</filetype>
      <usage_type>resource</usage_type>
      <checksum>65D80BC7</checksum>
    </file>
    <file>
      <filename>data/cambium/LRMER_95DecarbBy2035.csv</filename>
      <filetype>csv</filetype>
      <usage_type>resource</usage_type>
      <checksum>5E60A9EE</checksum>
    </file>
    <file>
      <filename>data/cambium/LRMER_95DecarbBy2050.csv</filename>
      <filetype>csv</filetype>
      <usage_type>resource</usage_type>
      <checksum>01B9A892</checksum>
    </file>
    <file>
      <filename>data/cambium/LRMER_HighRECosts.csv</filename>
      <filetype>csv</filetype>
      <usage_type>resource</usage_type>
      <checksum>A46DE564</checksum>
    </file>
    <file>
      <filename>data/cambium/LRMER_LowRECosts.csv</filename>
      <filetype>csv</filetype>
      <usage_type>resource</usage_type>
      <checksum>58B8E01E</checksum>
    </file>
    <file>
      <filename>data/cambium/LRMER_MidCase.csv</filename>
      <filetype>csv</filetype>
      <usage_type>resource</usage_type>
      <checksum>4C7D519B</checksum>
    </file>
    <file>
      <filename>unit_conversions.rb</filename>
      <filetype>rb</filetype>
      <usage_type>resource</usage_type>
      <checksum>1D3AE970</checksum>
    </file>
    <file>
      <filename>test_battery.rb</filename>
      <filetype>rb</filetype>
      <usage_type>test</usage_type>
      <checksum>2CB59B38</checksum>
    </file>
    <file>
      <filename>simcontrols.rb</filename>
      <filetype>rb</filetype>
      <usage_type>resource</usage_type>
      <checksum>77EBBB23</checksum>
    </file>
    <file>
      <filename>materials.rb</filename>
      <filetype>rb</filetype>
      <usage_type>resource</usage_type>
      <checksum>868FE0BE</checksum>
    </file>
    <file>
      <filename>schedule_files/setpoints.csv</filename>
      <filetype>csv</filetype>
      <usage_type>resource</usage_type>
      <checksum>706A63BC</checksum>
    </file>
    <file>
      <filename>schedule_files/setpoints-10-mins.csv</filename>
      <filetype>csv</filetype>
      <usage_type>resource</usage_type>
      <checksum>BC2195A6</checksum>
    </file>
    <file>
      <filename>schedule_files/setpoints-cooling-only.csv</filename>
      <filetype>csv</filetype>
      <usage_type>resource</usage_type>
      <checksum>7465D8DD</checksum>
    </file>
    <file>
      <filename>schedule_files/setpoints-heating-only.csv</filename>
      <filetype>csv</filetype>
      <usage_type>resource</usage_type>
      <checksum>BD935921</checksum>
    </file>
    <file>
      <filename>schedule_files/setpoints-daily-schedules.csv</filename>
      <filetype>csv</filetype>
      <usage_type>resource</usage_type>
      <checksum>A60258DE</checksum>
    </file>
    <file>
      <filename>schedule_files/setpoints-daily-setbacks.csv</filename>
      <filetype>csv</filetype>
      <usage_type>resource</usage_type>
      <checksum>74292B8C</checksum>
    </file>
    <file>
      <filename>schedule_files/water-heater-operating-modes.csv</filename>
      <filetype>csv</filetype>
      <usage_type>resource</usage_type>
      <checksum>86F45903</checksum>
    </file>
    <file>
      <filename>schedule_files/water-heater-setpoints-10-mins.csv</filename>
      <filetype>csv</filetype>
      <usage_type>resource</usage_type>
      <checksum>F9C90051</checksum>
    </file>
    <file>
      <filename>schedule_files/water-heater-setpoints.csv</filename>
      <filetype>csv</filetype>
      <usage_type>resource</usage_type>
      <checksum>2DFF87CD</checksum>
    </file>
    <file>
      <filename>version.rb</filename>
      <filetype>rb</filetype>
      <usage_type>resource</usage_type>
      <checksum>C2F66DD0</checksum>
    </file>
    <file>
      <filename>location.rb</filename>
      <filetype>rb</filetype>
      <usage_type>resource</usage_type>
      <checksum>A46A0BAC</checksum>
    </file>
    <file>
      <filename>schedule_files/occupancy-smooth.csv</filename>
      <filetype>csv</filetype>
      <usage_type>resource</usage_type>
      <checksum>3659E63B</checksum>
    </file>
    <file>
      <filename>schedule_files/occupancy-stochastic-10-mins.csv</filename>
      <filetype>csv</filetype>
      <usage_type>resource</usage_type>
      <checksum>FAB83EF4</checksum>
    </file>
    <file>
      <filename>schedule_files/occupancy-stochastic-vacancy.csv</filename>
      <filetype>csv</filetype>
      <usage_type>resource</usage_type>
      <checksum>F46D463C</checksum>
    </file>
    <file>
      <filename>schedule_files/occupancy-stochastic.csv</filename>
      <filetype>csv</filetype>
      <usage_type>resource</usage_type>
      <checksum>1C142FA2</checksum>
    </file>
    <file>
      <filename>battery.rb</filename>
      <filetype>rb</filetype>
      <usage_type>resource</usage_type>
      <checksum>5666ECBA</checksum>
    </file>
    <file>
      <filename>lighting.rb</filename>
      <filetype>rb</filetype>
      <usage_type>resource</usage_type>
      <checksum>0F94C201</checksum>
    </file>
    <file>
      <filename>test_hvac.rb</filename>
      <filetype>rb</filetype>
      <usage_type>test</usage_type>
      <checksum>A7803905</checksum>
    </file>
    <file>
      <filename>waterheater.rb</filename>
      <filetype>rb</filetype>
      <usage_type>resource</usage_type>
      <checksum>500A5756</checksum>
    </file>
    <file>
      <filename>test_location.rb</filename>
      <filetype>rb</filetype>
      <usage_type>test</usage_type>
      <checksum>FE6DD456</checksum>
    </file>
    <file>
      <filename>test_simcontrols.rb</filename>
      <filetype>rb</filetype>
      <usage_type>test</usage_type>
      <checksum>200185A5</checksum>
    </file>
    <file>
      <filename>test_lighting.rb</filename>
      <filetype>rb</filetype>
      <usage_type>test</usage_type>
      <checksum>75323645</checksum>
    </file>
    <file>
      <filename>test_miscloads.rb</filename>
      <filetype>rb</filetype>
      <usage_type>test</usage_type>
      <checksum>8752F291</checksum>
    </file>
    <file>
      <filename>test_hotwater_appliance.rb</filename>
      <filetype>rb</filetype>
      <usage_type>test</usage_type>
      <checksum>8B91E234</checksum>
    </file>
    <file>
      <filename>output.rb</filename>
      <filetype>rb</filetype>
      <usage_type>resource</usage_type>
      <checksum>907D7CB3</checksum>
    </file>
    <file>
      <filename>hotwater_appliances.rb</filename>
      <filetype>rb</filetype>
      <usage_type>resource</usage_type>
      <checksum>9764D005</checksum>
    </file>
    <file>
      <filename>test_water_heater.rb</filename>
      <filetype>rb</filetype>
      <usage_type>test</usage_type>
      <checksum>E331EBCF</checksum>
    </file>
    <file>
      <filename>constructions.rb</filename>
      <filetype>rb</filetype>
      <usage_type>resource</usage_type>
      <checksum>46636AA2</checksum>
    </file>
    <file>
      <filename>hvac.rb</filename>
      <filetype>rb</filetype>
      <usage_type>resource</usage_type>
      <checksum>92822FA7</checksum>
    </file>
    <file>
      <filename>test_schedules.rb</filename>
      <filetype>rb</filetype>
      <usage_type>test</usage_type>
      <checksum>77F1BC25</checksum>
    </file>
    <file>
      <filename>schedules.rb</filename>
      <filetype>rb</filetype>
      <usage_type>resource</usage_type>
      <checksum>3FCCEA0E</checksum>
    </file>
    <file>
      <filename>airflow.rb</filename>
      <filetype>rb</filetype>
      <usage_type>resource</usage_type>
      <checksum>D3BAA7D7</checksum>
    </file>
    <file>
      <filename>test_airflow.rb</filename>
      <filetype>rb</filetype>
      <usage_type>test</usage_type>
      <checksum>2DC9586B</checksum>
    </file>
    <file>
      <filename>meta_measure.rb</filename>
      <filetype>rb</filetype>
      <usage_type>resource</usage_type>
      <checksum>B39C3F8E</checksum>
    </file>
    <file>
      <filename>constants.rb</filename>
      <filetype>rb</filetype>
      <usage_type>resource</usage_type>
      <checksum>3593C0B1</checksum>
    </file>
    <file>
      <filename>xmlhelper.rb</filename>
      <filetype>rb</filetype>
      <usage_type>resource</usage_type>
      <checksum>6C404799</checksum>
    </file>
    <file>
      <filename>test_enclosure.rb</filename>
      <filetype>rb</filetype>
      <usage_type>test</usage_type>
      <checksum>3AFFD492</checksum>
    </file>
    <file>
      <filename>geometry.rb</filename>
      <filetype>rb</filetype>
      <usage_type>resource</usage_type>
      <checksum>77764371</checksum>
    </file>
    <file>
      <filename>test_validation.rb</filename>
      <filetype>rb</filetype>
      <usage_type>test</usage_type>
      <checksum>D62F7243</checksum>
    </file>
    <file>
      <filename>test_defaults.rb</filename>
      <filetype>rb</filetype>
      <usage_type>test</usage_type>
      <checksum>CB2DB403</checksum>
    </file>
    <file>
      <filename>hpxml_schematron/EPvalidator.xml</filename>
      <filetype>xml</filetype>
      <usage_type>resource</usage_type>
      <checksum>548CCF1F</checksum>
    </file>
    <file>
      <filename>hpxml_defaults.rb</filename>
      <filetype>rb</filetype>
      <usage_type>resource</usage_type>
      <checksum>751E0374</checksum>
    </file>
    <file>
      <filename>hpxml_schema/HPXML.xsd</filename>
      <filetype>xsd</filetype>
      <usage_type>resource</usage_type>
      <checksum>2FD98C89</checksum>
    </file>
    <file>
      <filename>hpxml_schema/HPXMLBaseElements.xsd</filename>
      <filetype>xsd</filetype>
      <usage_type>resource</usage_type>
      <checksum>17563F8C</checksum>
    </file>
    <file>
      <filename>hpxml_schema/HPXMLDataTypes.xsd</filename>
      <filetype>xsd</filetype>
      <usage_type>resource</usage_type>
      <checksum>2B0922EC</checksum>
    </file>
    <file>
      <filename>test_hvac_sizing.rb</filename>
      <filetype>rb</filetype>
      <usage_type>test</usage_type>
      <checksum>CF3DB1D0</checksum>
    </file>
    <file>
      <filename>utility_bills.rb</filename>
      <filetype>rb</filetype>
      <usage_type>resource</usage_type>
      <checksum>35B866E9</checksum>
    </file>
    <file>
      <filename>hvac_sizing.rb</filename>
      <filetype>rb</filetype>
      <usage_type>resource</usage_type>
      <checksum>32D4AF3A</checksum>
    </file>
    <file>
      <filename>hpxml.rb</filename>
      <filetype>rb</filetype>
      <usage_type>resource</usage_type>
      <checksum>0671923D</checksum>
    </file>
    <file>
      <filename>hpxml_schematron/HPXMLvalidator.xml</filename>
      <filetype>xml</filetype>
      <usage_type>resource</usage_type>
      <checksum>5DD85F0D</checksum>
    </file>
    <file>
      <filename>weather.rb</filename>
      <filetype>rb</filetype>
      <usage_type>resource</usage_type>
      <checksum>E810B63B</checksum>
    </file>
    <file>
      <version>
        <software_program>OpenStudio</software_program>
        <identifier>3.3.0</identifier>
        <min_compatible>3.3.0</min_compatible>
      </version>
      <filename>measure.rb</filename>
      <filetype>rb</filetype>
      <usage_type>script</usage_type>
      <checksum>70575CEF</checksum>
    </file>
  </files>
</measure>
