<?xml version="1.0"?>
<measure>
  <schema_version>3.0</schema_version>
  <name>build_residential_schedule_file</name>
  <uid>f770b2db-1a9f-4e99-99a7-7f3161a594b1</uid>
  <version_id>9a85e6ed-d621-45d5-9a2b-fb36ef997a46</version_id>
  <version_modified>20220523T175956Z</version_modified>
  <xml_checksum>03F02484</xml_checksum>
  <class_name>BuildResidentialScheduleFile</class_name>
  <display_name>Schedule File Builder</display_name>
  <description>Builds a residential schedule file.</description>
  <modeler_description>Generates a CSV of schedules at the specified file path, and inserts the CSV schedule file path into the output HPXML file (or overwrites it if one already exists). Schedules corresponding to 'smooth' are average (e.g., Building America). Schedules corresponding to 'stochastic' are generated using time-inhomogeneous Markov chains derived from American Time Use Survey data, and supplemented with sampling duration and power level from NEEA RBSA data as well as DHW draw duration and flow rate from Aquacraft/AWWA data.</modeler_description>
  <arguments>
    <argument>
      <name>hpxml_path</name>
      <display_name>HPXML File Path</display_name>
      <description>Absolute/relative path of the HPXML file.</description>
      <type>String</type>
      <units></units>
      <required>true</required>
      <model_dependent>false</model_dependent>
      <default_value></default_value>
      <min_value></min_value>
      <max_value></max_value>
    </argument>
    <argument>
      <name>schedules_type</name>
      <display_name>Schedules: Type</display_name>
      <description>The type of occupant-related schedules to use.</description>
      <type>Choice</type>
      <units></units>
      <required>true</required>
      <model_dependent>false</model_dependent>
      <default_value>smooth</default_value>
      <choices>
        <choice>
          <value>smooth</value>
          <display_name>smooth</display_name>
        </choice>
        <choice>
          <value>stochastic</value>
          <display_name>stochastic</display_name>
        </choice>
      </choices>
      <min_value></min_value>
      <max_value></max_value>
    </argument>
    <argument>
      <name>schedules_vacancy_period</name>
      <display_name>Schedules: Vacancy Period</display_name>
      <description>Specifies the vacancy period. Enter a date like "Dec 15 - Jan 15".</description>
      <type>String</type>
      <units></units>
      <required>false</required>
      <model_dependent>false</model_dependent>
      <default_value></default_value>
      <min_value></min_value>
      <max_value></max_value>
    </argument>
    <argument>
      <name>schedules_random_seed</name>
      <display_name>Schedules: Random Seed</display_name>
      <description>This numeric field is the seed for the random number generator. Only applies if the schedules type is 'stochastic'.</description>
      <type>Integer</type>
      <units>#</units>
      <required>false</required>
      <model_dependent>false</model_dependent>
      <default_value></default_value>
      <min_value></min_value>
      <max_value></max_value>
    </argument>
    <argument>
      <name>output_csv_path</name>
      <display_name>Schedules: Output CSV Path</display_name>
      <description>Absolute/relative path of the csv file containing user-specified occupancy schedules. Relative paths are relative to the HPXML output path.</description>
      <type>String</type>
      <units></units>
      <required>true</required>
      <model_dependent>false</model_dependent>
      <default_value></default_value>
      <min_value></min_value>
      <max_value></max_value>
    </argument>
    <argument>
      <name>hpxml_output_path</name>
      <display_name>HPXML Output File Path</display_name>
      <description>Absolute/relative output path of the HPXML file. This HPXML file will include the output CSV path.</description>
      <type>String</type>
      <units></units>
      <required>true</required>
      <model_dependent>false</model_dependent>
      <default_value></default_value>
      <min_value></min_value>
      <max_value></max_value>
    </argument>
    <argument>
      <name>debug</name>
      <display_name>Debug Mode?</display_name>
      <description>Applicable when schedules type is stochastic. If true: Write extra state column(s).</description>
      <type>Boolean</type>
      <units></units>
      <required>false</required>
      <model_dependent>false</model_dependent>
      <default_value>false</default_value>
      <choices>
        <choice>
          <value>true</value>
          <display_name>true</display_name>
        </choice>
        <choice>
          <value>false</value>
          <display_name>false</display_name>
        </choice>
      </choices>
      <min_value></min_value>
      <max_value></max_value>
    </argument>
  </arguments>
  <outputs />
  <provenances />
  <tags>
    <tag>Whole Building.Whole Building Schedules</tag>
  </tags>
  <attributes>
    <attribute>
      <name>Measure Type</name>
      <value>ModelMeasure</value>
      <datatype>string</datatype>
    </attribute>
  </attributes>
  <files>
    <file>
      <filename>schedules_config.md</filename>
      <filetype>md</filetype>
      <usage_type>resource</usage_type>
      <checksum>EC6567F6</checksum>
    </file>
    <file>
      <filename>schedules_config.json</filename>
      <filetype>json</filetype>
      <usage_type>resource</usage_type>
      <checksum>0CB5683C</checksum>
    </file>
    <file>
      <filename>clothes_dryer_consumption_dist.csv</filename>
      <filetype>csv</filetype>
      <usage_type>resource</usage_type>
      <checksum>C11EB889</checksum>
    </file>
    <file>
      <filename>clothes_dryer_duration_dist.csv</filename>
      <filetype>csv</filetype>
      <usage_type>resource</usage_type>
      <checksum>E26C2515</checksum>
    </file>
    <file>
      <filename>clothes_washer_consumption_dist.csv</filename>
      <filetype>csv</filetype>
      <usage_type>resource</usage_type>
      <checksum>B82EBBFB</checksum>
    </file>
    <file>
      <filename>clothes_washer_duration_dist.csv</filename>
      <filetype>csv</filetype>
      <usage_type>resource</usage_type>
      <checksum>7F0BFEDA</checksum>
    </file>
    <file>
      <filename>cooking_consumption_dist.csv</filename>
      <filetype>csv</filetype>
      <usage_type>resource</usage_type>
      <checksum>1C8AAA92</checksum>
    </file>
    <file>
      <filename>cooking_duration_dist.csv</filename>
      <filetype>csv</filetype>
      <usage_type>resource</usage_type>
      <checksum>66C47C80</checksum>
    </file>
    <file>
      <filename>dishwasher_consumption_dist.csv</filename>
      <filetype>csv</filetype>
      <usage_type>resource</usage_type>
      <checksum>50A1CFBC</checksum>
    </file>
    <file>
      <filename>dishwasher_duration_dist.csv</filename>
      <filetype>csv</filetype>
      <usage_type>resource</usage_type>
      <checksum>A7E76021</checksum>
    </file>
    <file>
      <filename>hot_water_clothes_washer_cluster_size_probability.csv</filename>
      <filetype>csv</filetype>
      <usage_type>resource</usage_type>
      <checksum>2401A66F</checksum>
    </file>
    <file>
      <filename>hot_water_clothes_washer_event_duration_probability.csv</filename>
      <filetype>csv</filetype>
      <usage_type>resource</usage_type>
      <checksum>9D369386</checksum>
    </file>
    <file>
      <filename>hot_water_dishwasher_cluster_size_probability.csv</filename>
      <filetype>csv</filetype>
      <usage_type>resource</usage_type>
      <checksum>93DCD6FD</checksum>
    </file>
    <file>
      <filename>hot_water_dishwasher_event_duration_probability.csv</filename>
      <filetype>csv</filetype>
      <usage_type>resource</usage_type>
      <checksum>419E598E</checksum>
    </file>
    <file>
      <filename>shower_cluster_size_probability.csv</filename>
      <filetype>csv</filetype>
      <usage_type>resource</usage_type>
      <checksum>DBE185CA</checksum>
    </file>
    <file>
      <filename>shower_event_duration_probability.csv</filename>
      <filetype>csv</filetype>
      <usage_type>resource</usage_type>
      <checksum>F8A366F2</checksum>
    </file>
    <file>
      <filename>weekday/duration_probability/cluster_0_cooking_evening_duration_probability.csv</filename>
      <filetype>csv</filetype>
      <usage_type>resource</usage_type>
      <checksum>4986DD68</checksum>
    </file>
    <file>
      <filename>weekday/duration_probability/cluster_0_cooking_midday_duration_probability.csv</filename>
      <filetype>csv</filetype>
      <usage_type>resource</usage_type>
      <checksum>FBF76CFC</checksum>
    </file>
    <file>
      <filename>weekday/duration_probability/cluster_0_cooking_morning_duration_probability.csv</filename>
      <filetype>csv</filetype>
      <usage_type>resource</usage_type>
      <checksum>C54497C3</checksum>
    </file>
    <file>
      <filename>weekday/duration_probability/cluster_0_dishwashing_evening_duration_probability.csv</filename>
      <filetype>csv</filetype>
      <usage_type>resource</usage_type>
      <checksum>7C95D22E</checksum>
    </file>
    <file>
      <filename>weekday/duration_probability/cluster_0_dishwashing_midday_duration_probability.csv</filename>
      <filetype>csv</filetype>
      <usage_type>resource</usage_type>
      <checksum>05C8905F</checksum>
    </file>
    <file>
      <filename>weekday/duration_probability/cluster_0_dishwashing_morning_duration_probability.csv</filename>
      <filetype>csv</filetype>
      <usage_type>resource</usage_type>
      <checksum>DDD537E9</checksum>
    </file>
    <file>
      <filename>weekday/duration_probability/cluster_0_laundry_evening_duration_probability.csv</filename>
      <filetype>csv</filetype>
      <usage_type>resource</usage_type>
      <checksum>C3A5357C</checksum>
    </file>
    <file>
      <filename>weekday/duration_probability/cluster_0_laundry_midday_duration_probability.csv</filename>
      <filetype>csv</filetype>
      <usage_type>resource</usage_type>
      <checksum>CA0C9069</checksum>
    </file>
    <file>
      <filename>weekday/duration_probability/cluster_0_laundry_morning_duration_probability.csv</filename>
      <filetype>csv</filetype>
      <usage_type>resource</usage_type>
      <checksum>8CDCA30E</checksum>
    </file>
    <file>
      <filename>weekday/duration_probability/cluster_0_shower_evening_duration_probability.csv</filename>
      <filetype>csv</filetype>
      <usage_type>resource</usage_type>
      <checksum>54EB60DE</checksum>
    </file>
    <file>
      <filename>weekday/duration_probability/cluster_0_shower_midday_duration_probability.csv</filename>
      <filetype>csv</filetype>
      <usage_type>resource</usage_type>
      <checksum>1AD7139F</checksum>
    </file>
    <file>
      <filename>weekday/duration_probability/cluster_0_shower_morning_duration_probability.csv</filename>
      <filetype>csv</filetype>
      <usage_type>resource</usage_type>
      <checksum>8300EB00</checksum>
    </file>
    <file>
      <filename>weekday/duration_probability/cluster_1_cooking_evening_duration_probability.csv</filename>
      <filetype>csv</filetype>
      <usage_type>resource</usage_type>
      <checksum>B817132C</checksum>
    </file>
    <file>
      <filename>weekday/duration_probability/cluster_1_cooking_midday_duration_probability.csv</filename>
      <filetype>csv</filetype>
      <usage_type>resource</usage_type>
      <checksum>D45A9584</checksum>
    </file>
    <file>
      <filename>weekday/duration_probability/cluster_1_cooking_morning_duration_probability.csv</filename>
      <filetype>csv</filetype>
      <usage_type>resource</usage_type>
      <checksum>407A312C</checksum>
    </file>
    <file>
      <filename>weekday/duration_probability/cluster_1_dishwashing_evening_duration_probability.csv</filename>
      <filetype>csv</filetype>
      <usage_type>resource</usage_type>
      <checksum>652AD618</checksum>
    </file>
    <file>
      <filename>weekday/duration_probability/cluster_1_dishwashing_midday_duration_probability.csv</filename>
      <filetype>csv</filetype>
      <usage_type>resource</usage_type>
      <checksum>018B32BA</checksum>
    </file>
    <file>
      <filename>weekday/duration_probability/cluster_1_dishwashing_morning_duration_probability.csv</filename>
      <filetype>csv</filetype>
      <usage_type>resource</usage_type>
      <checksum>F3A0A48E</checksum>
    </file>
    <file>
      <filename>weekday/duration_probability/cluster_1_laundry_evening_duration_probability.csv</filename>
      <filetype>csv</filetype>
      <usage_type>resource</usage_type>
      <checksum>56010915</checksum>
    </file>
    <file>
      <filename>weekday/duration_probability/cluster_1_laundry_midday_duration_probability.csv</filename>
      <filetype>csv</filetype>
      <usage_type>resource</usage_type>
      <checksum>9843CD4C</checksum>
    </file>
    <file>
      <filename>weekday/duration_probability/cluster_1_laundry_morning_duration_probability.csv</filename>
      <filetype>csv</filetype>
      <usage_type>resource</usage_type>
      <checksum>746D40E8</checksum>
    </file>
    <file>
      <filename>weekday/duration_probability/cluster_1_shower_evening_duration_probability.csv</filename>
      <filetype>csv</filetype>
      <usage_type>resource</usage_type>
      <checksum>AE9ED85B</checksum>
    </file>
    <file>
      <filename>weekday/duration_probability/cluster_1_shower_midday_duration_probability.csv</filename>
      <filetype>csv</filetype>
      <usage_type>resource</usage_type>
      <checksum>D4FBDE56</checksum>
    </file>
    <file>
      <filename>weekday/duration_probability/cluster_1_shower_morning_duration_probability.csv</filename>
      <filetype>csv</filetype>
      <usage_type>resource</usage_type>
      <checksum>D897D4A1</checksum>
    </file>
    <file>
      <filename>weekday/duration_probability/cluster_2_cooking_evening_duration_probability.csv</filename>
      <filetype>csv</filetype>
      <usage_type>resource</usage_type>
      <checksum>8E88C92D</checksum>
    </file>
    <file>
      <filename>weekday/duration_probability/cluster_2_cooking_midday_duration_probability.csv</filename>
      <filetype>csv</filetype>
      <usage_type>resource</usage_type>
      <checksum>2244D290</checksum>
    </file>
    <file>
      <filename>weekday/duration_probability/cluster_2_cooking_morning_duration_probability.csv</filename>
      <filetype>csv</filetype>
      <usage_type>resource</usage_type>
      <checksum>0E99EBF7</checksum>
    </file>
    <file>
      <filename>weekday/duration_probability/cluster_2_dishwashing_evening_duration_probability.csv</filename>
      <filetype>csv</filetype>
      <usage_type>resource</usage_type>
      <checksum>379A086A</checksum>
    </file>
    <file>
      <filename>weekday/duration_probability/cluster_2_dishwashing_midday_duration_probability.csv</filename>
      <filetype>csv</filetype>
      <usage_type>resource</usage_type>
      <checksum>F9891815</checksum>
    </file>
    <file>
      <filename>weekday/duration_probability/cluster_2_dishwashing_morning_duration_probability.csv</filename>
      <filetype>csv</filetype>
      <usage_type>resource</usage_type>
      <checksum>23E18003</checksum>
    </file>
    <file>
      <filename>weekday/duration_probability/cluster_2_laundry_evening_duration_probability.csv</filename>
      <filetype>csv</filetype>
      <usage_type>resource</usage_type>
      <checksum>B250D83A</checksum>
    </file>
    <file>
      <filename>weekday/duration_probability/cluster_2_laundry_midday_duration_probability.csv</filename>
      <filetype>csv</filetype>
      <usage_type>resource</usage_type>
      <checksum>ACB5BCD2</checksum>
    </file>
    <file>
      <filename>weekday/duration_probability/cluster_2_laundry_morning_duration_probability.csv</filename>
      <filetype>csv</filetype>
      <usage_type>resource</usage_type>
      <checksum>26CFB684</checksum>
    </file>
    <file>
      <filename>weekday/duration_probability/cluster_2_shower_evening_duration_probability.csv</filename>
      <filetype>csv</filetype>
      <usage_type>resource</usage_type>
      <checksum>1CCBCB69</checksum>
    </file>
    <file>
      <filename>weekday/duration_probability/cluster_2_shower_midday_duration_probability.csv</filename>
      <filetype>csv</filetype>
      <usage_type>resource</usage_type>
      <checksum>41C774DB</checksum>
    </file>
    <file>
      <filename>weekday/duration_probability/cluster_2_shower_morning_duration_probability.csv</filename>
      <filetype>csv</filetype>
      <usage_type>resource</usage_type>
      <checksum>84737EBC</checksum>
    </file>
    <file>
      <filename>weekday/duration_probability/cluster_3_cooking_evening_duration_probability.csv</filename>
      <filetype>csv</filetype>
      <usage_type>resource</usage_type>
      <checksum>6F2B7686</checksum>
    </file>
    <file>
      <filename>weekday/duration_probability/cluster_3_cooking_midday_duration_probability.csv</filename>
      <filetype>csv</filetype>
      <usage_type>resource</usage_type>
      <checksum>34A7D406</checksum>
    </file>
    <file>
      <filename>weekday/duration_probability/cluster_3_cooking_morning_duration_probability.csv</filename>
      <filetype>csv</filetype>
      <usage_type>resource</usage_type>
      <checksum>615CD1D7</checksum>
    </file>
    <file>
      <filename>weekday/duration_probability/cluster_3_dishwashing_evening_duration_probability.csv</filename>
      <filetype>csv</filetype>
      <usage_type>resource</usage_type>
      <checksum>DACA45E5</checksum>
    </file>
    <file>
      <filename>weekday/duration_probability/cluster_3_dishwashing_midday_duration_probability.csv</filename>
      <filetype>csv</filetype>
      <usage_type>resource</usage_type>
      <checksum>D119B4D0</checksum>
    </file>
    <file>
      <filename>weekday/duration_probability/cluster_3_dishwashing_morning_duration_probability.csv</filename>
      <filetype>csv</filetype>
      <usage_type>resource</usage_type>
      <checksum>120B9428</checksum>
    </file>
    <file>
      <filename>weekday/duration_probability/cluster_3_laundry_evening_duration_probability.csv</filename>
      <filetype>csv</filetype>
      <usage_type>resource</usage_type>
      <checksum>267E8883</checksum>
    </file>
    <file>
      <filename>weekday/duration_probability/cluster_3_laundry_midday_duration_probability.csv</filename>
      <filetype>csv</filetype>
      <usage_type>resource</usage_type>
      <checksum>C3A5DA8B</checksum>
    </file>
    <file>
      <filename>weekday/duration_probability/cluster_3_laundry_morning_duration_probability.csv</filename>
      <filetype>csv</filetype>
      <usage_type>resource</usage_type>
      <checksum>D614AB97</checksum>
    </file>
    <file>
      <filename>weekday/duration_probability/cluster_3_shower_evening_duration_probability.csv</filename>
      <filetype>csv</filetype>
      <usage_type>resource</usage_type>
      <checksum>7FFBFD68</checksum>
    </file>
    <file>
      <filename>weekday/duration_probability/cluster_3_shower_midday_duration_probability.csv</filename>
      <filetype>csv</filetype>
      <usage_type>resource</usage_type>
      <checksum>8C62CEDB</checksum>
    </file>
    <file>
      <filename>weekday/duration_probability/cluster_3_shower_morning_duration_probability.csv</filename>
      <filetype>csv</filetype>
      <usage_type>resource</usage_type>
      <checksum>E3A10BE2</checksum>
    </file>
    <file>
      <filename>weekday/mkv_chain_initial_prob_cluster_0.csv</filename>
      <filetype>csv</filetype>
      <usage_type>resource</usage_type>
      <checksum>0AC88E84</checksum>
    </file>
    <file>
      <filename>weekday/mkv_chain_initial_prob_cluster_1.csv</filename>
      <filetype>csv</filetype>
      <usage_type>resource</usage_type>
      <checksum>AE298C53</checksum>
    </file>
    <file>
      <filename>weekday/mkv_chain_initial_prob_cluster_2.csv</filename>
      <filetype>csv</filetype>
      <usage_type>resource</usage_type>
      <checksum>42FB1588</checksum>
    </file>
    <file>
      <filename>weekday/mkv_chain_initial_prob_cluster_3.csv</filename>
      <filetype>csv</filetype>
      <usage_type>resource</usage_type>
      <checksum>5AAC2E9E</checksum>
    </file>
    <file>
      <filename>weekday/mkv_chain_transition_prob_cluster_0.csv</filename>
      <filetype>csv</filetype>
      <usage_type>resource</usage_type>
      <checksum>1BCCAC5C</checksum>
    </file>
    <file>
      <filename>weekday/mkv_chain_transition_prob_cluster_1.csv</filename>
      <filetype>csv</filetype>
      <usage_type>resource</usage_type>
      <checksum>BBB50EE1</checksum>
    </file>
    <file>
      <filename>weekday/mkv_chain_transition_prob_cluster_2.csv</filename>
      <filetype>csv</filetype>
      <usage_type>resource</usage_type>
      <checksum>7DBA15B4</checksum>
    </file>
    <file>
      <filename>weekday/mkv_chain_transition_prob_cluster_3.csv</filename>
      <filetype>csv</filetype>
      <usage_type>resource</usage_type>
      <checksum>CAC5CB5F</checksum>
    </file>
    <file>
      <filename>weekday/state_and_monthly_schedule_shift.csv</filename>
      <filetype>csv</filetype>
      <usage_type>resource</usage_type>
      <checksum>FFDA057E</checksum>
    </file>
    <file>
      <filename>weekend/duration_probability/cluster_0_cooking_evening_duration_probability.csv</filename>
      <filetype>csv</filetype>
      <usage_type>resource</usage_type>
      <checksum>F6CB80B1</checksum>
    </file>
    <file>
      <filename>weekend/duration_probability/cluster_0_cooking_midday_duration_probability.csv</filename>
      <filetype>csv</filetype>
      <usage_type>resource</usage_type>
      <checksum>3CFFA67D</checksum>
    </file>
    <file>
      <filename>weekend/duration_probability/cluster_0_cooking_morning_duration_probability.csv</filename>
      <filetype>csv</filetype>
      <usage_type>resource</usage_type>
      <checksum>44F4FB7B</checksum>
    </file>
    <file>
      <filename>weekend/duration_probability/cluster_0_dishwashing_evening_duration_probability.csv</filename>
      <filetype>csv</filetype>
      <usage_type>resource</usage_type>
      <checksum>AB0BE66C</checksum>
    </file>
    <file>
      <filename>weekend/duration_probability/cluster_0_dishwashing_midday_duration_probability.csv</filename>
      <filetype>csv</filetype>
      <usage_type>resource</usage_type>
      <checksum>9120E2FD</checksum>
    </file>
    <file>
      <filename>weekend/duration_probability/cluster_0_dishwashing_morning_duration_probability.csv</filename>
      <filetype>csv</filetype>
      <usage_type>resource</usage_type>
      <checksum>A4EB422A</checksum>
    </file>
    <file>
      <filename>weekend/duration_probability/cluster_0_laundry_evening_duration_probability.csv</filename>
      <filetype>csv</filetype>
      <usage_type>resource</usage_type>
      <checksum>8ABEC58D</checksum>
    </file>
    <file>
      <filename>weekend/duration_probability/cluster_0_laundry_midday_duration_probability.csv</filename>
      <filetype>csv</filetype>
      <usage_type>resource</usage_type>
      <checksum>80C3640C</checksum>
    </file>
    <file>
      <filename>weekend/duration_probability/cluster_0_laundry_morning_duration_probability.csv</filename>
      <filetype>csv</filetype>
      <usage_type>resource</usage_type>
      <checksum>6DA7C30F</checksum>
    </file>
    <file>
      <filename>weekend/duration_probability/cluster_0_shower_evening_duration_probability.csv</filename>
      <filetype>csv</filetype>
      <usage_type>resource</usage_type>
      <checksum>ED525953</checksum>
    </file>
    <file>
      <filename>weekend/duration_probability/cluster_0_shower_midday_duration_probability.csv</filename>
      <filetype>csv</filetype>
      <usage_type>resource</usage_type>
      <checksum>332088E2</checksum>
    </file>
    <file>
      <filename>weekend/duration_probability/cluster_0_shower_morning_duration_probability.csv</filename>
      <filetype>csv</filetype>
      <usage_type>resource</usage_type>
      <checksum>86F7DFDE</checksum>
    </file>
    <file>
      <filename>weekend/duration_probability/cluster_1_cooking_evening_duration_probability.csv</filename>
      <filetype>csv</filetype>
      <usage_type>resource</usage_type>
      <checksum>2209A5BF</checksum>
    </file>
    <file>
      <filename>weekend/duration_probability/cluster_1_cooking_midday_duration_probability.csv</filename>
      <filetype>csv</filetype>
      <usage_type>resource</usage_type>
      <checksum>768859FF</checksum>
    </file>
    <file>
      <filename>weekend/duration_probability/cluster_1_cooking_morning_duration_probability.csv</filename>
      <filetype>csv</filetype>
      <usage_type>resource</usage_type>
      <checksum>2927CF95</checksum>
    </file>
    <file>
      <filename>weekend/duration_probability/cluster_1_dishwashing_evening_duration_probability.csv</filename>
      <filetype>csv</filetype>
      <usage_type>resource</usage_type>
      <checksum>B304EB88</checksum>
    </file>
    <file>
      <filename>weekend/duration_probability/cluster_1_dishwashing_midday_duration_probability.csv</filename>
      <filetype>csv</filetype>
      <usage_type>resource</usage_type>
      <checksum>5E7982A4</checksum>
    </file>
    <file>
      <filename>weekend/duration_probability/cluster_1_dishwashing_morning_duration_probability.csv</filename>
      <filetype>csv</filetype>
      <usage_type>resource</usage_type>
      <checksum>58BCE2B4</checksum>
    </file>
    <file>
      <filename>weekend/duration_probability/cluster_1_laundry_evening_duration_probability.csv</filename>
      <filetype>csv</filetype>
      <usage_type>resource</usage_type>
      <checksum>9FEF76FF</checksum>
    </file>
    <file>
      <filename>weekend/duration_probability/cluster_1_laundry_midday_duration_probability.csv</filename>
      <filetype>csv</filetype>
      <usage_type>resource</usage_type>
      <checksum>63F777DC</checksum>
    </file>
    <file>
      <filename>weekend/duration_probability/cluster_1_laundry_morning_duration_probability.csv</filename>
      <filetype>csv</filetype>
      <usage_type>resource</usage_type>
      <checksum>E731D060</checksum>
    </file>
    <file>
      <filename>weekend/duration_probability/cluster_1_shower_evening_duration_probability.csv</filename>
      <filetype>csv</filetype>
      <usage_type>resource</usage_type>
      <checksum>3E947E31</checksum>
    </file>
    <file>
      <filename>weekend/duration_probability/cluster_1_shower_midday_duration_probability.csv</filename>
      <filetype>csv</filetype>
      <usage_type>resource</usage_type>
      <checksum>FE78DD0B</checksum>
    </file>
    <file>
      <filename>weekend/duration_probability/cluster_1_shower_morning_duration_probability.csv</filename>
      <filetype>csv</filetype>
      <usage_type>resource</usage_type>
      <checksum>C6D1F192</checksum>
    </file>
    <file>
      <filename>weekend/duration_probability/cluster_2_cooking_evening_duration_probability.csv</filename>
      <filetype>csv</filetype>
      <usage_type>resource</usage_type>
      <checksum>26C904EC</checksum>
    </file>
    <file>
      <filename>weekend/duration_probability/cluster_2_cooking_midday_duration_probability.csv</filename>
      <filetype>csv</filetype>
      <usage_type>resource</usage_type>
      <checksum>51CF51D3</checksum>
    </file>
    <file>
      <filename>weekend/duration_probability/cluster_2_cooking_morning_duration_probability.csv</filename>
      <filetype>csv</filetype>
      <usage_type>resource</usage_type>
      <checksum>34855051</checksum>
    </file>
    <file>
      <filename>weekend/duration_probability/cluster_2_dishwashing_evening_duration_probability.csv</filename>
      <filetype>csv</filetype>
      <usage_type>resource</usage_type>
      <checksum>479CD610</checksum>
    </file>
    <file>
      <filename>weekend/duration_probability/cluster_2_dishwashing_midday_duration_probability.csv</filename>
      <filetype>csv</filetype>
      <usage_type>resource</usage_type>
      <checksum>29AAEE1E</checksum>
    </file>
    <file>
      <filename>weekend/duration_probability/cluster_2_dishwashing_morning_duration_probability.csv</filename>
      <filetype>csv</filetype>
      <usage_type>resource</usage_type>
      <checksum>F3A11DE1</checksum>
    </file>
    <file>
      <filename>weekend/duration_probability/cluster_2_laundry_evening_duration_probability.csv</filename>
      <filetype>csv</filetype>
      <usage_type>resource</usage_type>
      <checksum>EA68360B</checksum>
    </file>
    <file>
      <filename>weekend/duration_probability/cluster_2_laundry_midday_duration_probability.csv</filename>
      <filetype>csv</filetype>
      <usage_type>resource</usage_type>
      <checksum>78DC5051</checksum>
    </file>
    <file>
      <filename>weekend/duration_probability/cluster_2_laundry_morning_duration_probability.csv</filename>
      <filetype>csv</filetype>
      <usage_type>resource</usage_type>
      <checksum>1D1FB07E</checksum>
    </file>
    <file>
      <filename>weekend/duration_probability/cluster_2_shower_evening_duration_probability.csv</filename>
      <filetype>csv</filetype>
      <usage_type>resource</usage_type>
      <checksum>829DBC41</checksum>
    </file>
    <file>
      <filename>weekend/duration_probability/cluster_2_shower_midday_duration_probability.csv</filename>
      <filetype>csv</filetype>
      <usage_type>resource</usage_type>
      <checksum>E97FEBA7</checksum>
    </file>
    <file>
      <filename>weekend/duration_probability/cluster_2_shower_morning_duration_probability.csv</filename>
      <filetype>csv</filetype>
      <usage_type>resource</usage_type>
      <checksum>2DDD3D0B</checksum>
    </file>
    <file>
      <filename>weekend/duration_probability/cluster_3_cooking_evening_duration_probability.csv</filename>
      <filetype>csv</filetype>
      <usage_type>resource</usage_type>
      <checksum>EC70F74E</checksum>
    </file>
    <file>
      <filename>weekend/duration_probability/cluster_3_cooking_midday_duration_probability.csv</filename>
      <filetype>csv</filetype>
      <usage_type>resource</usage_type>
      <checksum>7C8976F3</checksum>
    </file>
    <file>
      <filename>weekend/duration_probability/cluster_3_cooking_morning_duration_probability.csv</filename>
      <filetype>csv</filetype>
      <usage_type>resource</usage_type>
      <checksum>5825338A</checksum>
    </file>
    <file>
      <filename>weekend/duration_probability/cluster_3_dishwashing_evening_duration_probability.csv</filename>
      <filetype>csv</filetype>
      <usage_type>resource</usage_type>
      <checksum>37B5AF9C</checksum>
    </file>
    <file>
      <filename>weekend/duration_probability/cluster_3_dishwashing_midday_duration_probability.csv</filename>
      <filetype>csv</filetype>
      <usage_type>resource</usage_type>
      <checksum>EDD63C21</checksum>
    </file>
    <file>
      <filename>weekend/duration_probability/cluster_3_dishwashing_morning_duration_probability.csv</filename>
      <filetype>csv</filetype>
      <usage_type>resource</usage_type>
      <checksum>99F23B28</checksum>
    </file>
    <file>
      <filename>weekend/duration_probability/cluster_3_laundry_evening_duration_probability.csv</filename>
      <filetype>csv</filetype>
      <usage_type>resource</usage_type>
      <checksum>C3963FF9</checksum>
    </file>
    <file>
      <filename>weekend/duration_probability/cluster_3_laundry_midday_duration_probability.csv</filename>
      <filetype>csv</filetype>
      <usage_type>resource</usage_type>
      <checksum>0B329C66</checksum>
    </file>
    <file>
      <filename>weekend/duration_probability/cluster_3_laundry_morning_duration_probability.csv</filename>
      <filetype>csv</filetype>
      <usage_type>resource</usage_type>
      <checksum>1761FEF6</checksum>
    </file>
    <file>
      <filename>weekend/duration_probability/cluster_3_shower_evening_duration_probability.csv</filename>
      <filetype>csv</filetype>
      <usage_type>resource</usage_type>
      <checksum>35AD8E7F</checksum>
    </file>
    <file>
      <filename>weekend/duration_probability/cluster_3_shower_midday_duration_probability.csv</filename>
      <filetype>csv</filetype>
      <usage_type>resource</usage_type>
      <checksum>DAF2049F</checksum>
    </file>
    <file>
      <filename>weekend/duration_probability/cluster_3_shower_morning_duration_probability.csv</filename>
      <filetype>csv</filetype>
      <usage_type>resource</usage_type>
      <checksum>C2CA1416</checksum>
    </file>
    <file>
      <filename>weekend/mkv_chain_initial_prob_cluster_0.csv</filename>
      <filetype>csv</filetype>
      <usage_type>resource</usage_type>
      <checksum>3F16AE89</checksum>
    </file>
    <file>
      <filename>weekend/mkv_chain_initial_prob_cluster_1.csv</filename>
      <filetype>csv</filetype>
      <usage_type>resource</usage_type>
      <checksum>49FEAE44</checksum>
    </file>
    <file>
      <filename>weekend/mkv_chain_initial_prob_cluster_2.csv</filename>
      <filetype>csv</filetype>
      <usage_type>resource</usage_type>
      <checksum>B48A47D6</checksum>
    </file>
    <file>
      <filename>weekend/mkv_chain_initial_prob_cluster_3.csv</filename>
      <filetype>csv</filetype>
      <usage_type>resource</usage_type>
      <checksum>B47E790B</checksum>
    </file>
    <file>
      <filename>weekend/mkv_chain_transition_prob_cluster_0.csv</filename>
      <filetype>csv</filetype>
      <usage_type>resource</usage_type>
      <checksum>E4089705</checksum>
    </file>
    <file>
      <filename>weekend/mkv_chain_transition_prob_cluster_1.csv</filename>
      <filetype>csv</filetype>
      <usage_type>resource</usage_type>
      <checksum>25700CD2</checksum>
    </file>
    <file>
      <filename>weekend/mkv_chain_transition_prob_cluster_2.csv</filename>
      <filetype>csv</filetype>
      <usage_type>resource</usage_type>
      <checksum>032B846A</checksum>
    </file>
    <file>
      <filename>weekend/mkv_chain_transition_prob_cluster_3.csv</filename>
      <filetype>csv</filetype>
      <usage_type>resource</usage_type>
      <checksum>F0F0F886</checksum>
    </file>
    <file>
      <filename>weekend/state_and_monthly_schedule_shift.csv</filename>
      <filetype>csv</filetype>
      <usage_type>resource</usage_type>
      <checksum>5FC694CF</checksum>
    </file>
    <file>
      <filename>README.md</filename>
      <filetype>md</filetype>
      <usage_type>resource</usage_type>
      <checksum>127D96AC</checksum>
    </file>
    <file>
      <version>
        <software_program>OpenStudio</software_program>
        <identifier>3.2.0</identifier>
        <min_compatible>3.2.0</min_compatible>
      </version>
      <filename>measure.rb</filename>
      <filetype>rb</filetype>
      <usage_type>script</usage_type>
      <checksum>3C7B01AF</checksum>
    </file>
    <file>
      <filename>build_residential_schedule_file_test.rb</filename>
      <filetype>rb</filetype>
      <usage_type>test</usage_type>
      <checksum>41CA164F</checksum>
    </file>
    <file>
      <filename>schedules.rb</filename>
      <filetype>rb</filetype>
      <usage_type>resource</usage_type>
      <checksum>15F4F182</checksum>
    </file>
  </files>
</measure>
